,,,,,,,
,Name,Link,Price (¥),Price ($),Price (€),Links,
40,Air jordan 4 Batch 4,https://pandabuy.allapp.link/cl2f8n8gpf6nf012karg,"¥410,00","$57,56","$53,27",https://pandabuy.allapp.link/cl2f8n8gpf6nf012karg,p
41,,,,,,,
42,,,,,,,
43,,,,,,,
44,Air jordan 4 Batch,https://pandabuy.allapp.link/cl2dek1rogtktc431mbg,"¥410,00","$57,56","$53,27",https://pandabuy.allapp.link/cl2dek1rogtktc431mbg,p
45,,,,,,,
46,,,,,,,
47,,,,,,,
48,Air jordan 4 Batch 2,https://pandabuy.allapp.link/cl2eslvm8ngo604cfsdg,"¥490,00","$68,80","$63,66",https://pandabuy.allapp.link/cl2eslvm8ngo604cfsdg,p
49,,,,,,,
50,,,,,,,
51,,,,,,,
52,Air jordan 4 Batch 3,https://pandabuy.allapp.link/cl2euavm8ngo604cfslg,"¥500,00","$70,20","$64,96",https://pandabuy.allapp.link/cl2euavm8ngo604cfslg,p
53,,,,,,,
54,,,,,,,
55,,,,,,,
56,Air jordan 4 Batch 5,https://pandabuy.allapp.link/cl2fae8gpf6nf012kb60,"¥410,00","$57,56","$53,27",https://pandabuy.allapp.link/cl2fae8gpf6nf012kb60,p
57,,,,,,,
58,,,,,,,
59,,,,,,,
60,Air jordan 4 Batch 6,https://pandabuy.allapp.link/cl2fcvprogtktc431tj0,"¥410,00","$57,56","$53,27",https://pandabuy.allapp.link/cl2fcvprogtktc431tj0,p
61,,,,,,,
62,,,,,,,
63,,,,,,,
64,Air jordan 4 Batch 7,https://pandabuy.allapp.link/cl2fe8fm8ngo604cfv1g,"¥480,00","$67,39","$62,36",https://pandabuy.allapp.link/cl2fe8fm8ngo604cfv1g,p
65,,,,,,,
66,,,,,,,
67,,,,,,,
68,Air jordan 4 Batch 8,https://pandabuy.allapp.link/cl2ff0progtktc431ttg,"¥481,00","$67,53","$62,49",https://pandabuy.allapp.link/cl2ff0progtktc431ttg,p
69,,,,,,,
70,,,,,,,
71,,,,,,,
72,Air jordan 4 Batch 9,https://pandabuy.allapp.link/cl5krcprogtktc43bm40,"¥199,00","$27,94","$25,85",https://pandabuy.allapp.link/cl5krcprogtktc43bm40,p
73,,,,,,,
74,,,,,,,
75,,,,,,,
76,"Air jordan 4
Red Cement",https://pandabuy.allapp.link/cl5lukggpf6nf012uau0,"¥432,00","$60,65","$56,12",https://pandabuy.allapp.link/cl5lukggpf6nf012uau0,pp
77,,,,,,,
78,,,,,,,
79,,,,,,,
80,"Air jordan 4
'Frozen Moments'",https://pandabuy.allapp.link/cl5lvg9rogtktc43bovg,"¥480,00","$67,39","$62,36",https://pandabuy.allapp.link/cl5lvg9rogtktc43bovg,pp
81,,,,,,,
82,,,,,,,
83,,,,,,,
84,Jordan 4 retro thunder,https://pandabuy.allapp.link/cl5m061rogtktc43bp2g,"¥417,00","$58,55","€44,98",https://pandabuy.allapp.link/cl5m061rogtktc43bp2g,pp
85,,,,,,,
86,,,,,,,
87,,,,,,,
88,AJ4 Pine Green White,https://pandabuy.allapp.link/cl5m9dggpf6nf012ubrg,"¥419,00","$58,83","€45,98",https://pandabuy.allapp.link/cl5m9dggpf6nf012ubrg,pp
89,,,,,,,
90,,,,,,,
91,,,,,,,
92,GX - AJ4,https://pandabuy.allapp.link/cm43g1h0b4mhqi3pf37g,"¥498,00","$69,92","€44,98",https://pandabuy.allapp.link/cm43g1h0b4mhqi3pf37g,CKT
93,,,,,,,
94,,,,,,,
95,,,,,,,
96,PB - AJ4,https://pandabuy.allapp.link/cm43itggpf6qoog0ea6g,"¥259,00","$36,36","€45,98",https://pandabuy.allapp.link/cm43itggpf6qoog0ea6g,CKT
97,,,,,,,
98,,,,,,,
99,,,,,,,
100,AJ4 Batch,https://pandabuy.allapp.link/cm43b6p0b4mhqi3pf2t0,"¥209,00","$29,34","€46,98",https://pandabuy.allapp.link/cm43b6p0b4mhqi3pf2t0,CKT
101,,,,,,,
102,,,,,,,
103,,,,,,,
104,Midnight Navy,https://pandabuy.page.link/hsu2n85XvecqrK2V7,¥350.00,"$50,29","€45,98",https://pandabuy.page.link/hsu2n85XvecqrK2V7,
105,,,,,,,
106,,,,,,,
107,,,,,,,
108,Military Blacks 4s,https://pandabuy.page.link/ZMz3htT5WyfeUSpm7,¥ 410.00,"$57,41","€53,32",https://pandabuy.page.link/ZMz3htT5WyfeUSpm7,
109,,,,,,,
110,,,,,,,
111,,,,,,,
112,BIGG Jordan 4 batch,https://pandabuy.page.link/2Djatx8WadLgmP1b6,¥ 420.0,"$60,35","€55,18",https://pandabuy.page.link/2Djatx8WadLgmP1b6,
113,,,,,,,
114,,,,,,,
115,,,,,,,
116,Pure Money 4s,https://pandabuy.page.link/hBuqnKXAq53GpWAZ8,¥ 380.0,"$54,60","€49,92",https://pandabuy.page.link/hBuqnKXAq53GpWAZ8,
117,,,,,,,
118,,,,,,,
119,,,,,,,
120,Black Cat 4s,https://pandabuy.page.link/kEKzrUKbARMbTRAP9,¥ 258.0,"$37,07","€33,89",https://pandabuy.page.link/kEKzrUKbARMbTRAP9,
121,,,,,,,
122,,,,,,,
123,,,,,,,
124,OFF White 4s,https://pandabuy.allapp.link/ckdu1f0gpf6q6125ijgg,"¥260,00","$36,15","€34,47",https://pandabuy.allapp.link/ckdu1f0gpf6q6125ijgg,
125,,,,,,,
126,,,,,,,
127,,,,,,,
128,Red Thunders,https://pandabuy.page.link/gZjP7DMbh7KfzGtK7,¥ 350.0,"$50,29","€45,98",https://pandabuy.page.link/gZjP7DMbh7KfzGtK7,
129,,,,,,,
130,,,,,,,
131,,,,,,,
132,Cool Grey 4s,https://pandabuy.page.link/Xz7BPJ6dcetDiNEQ9,"¥ 379,99","$54,60","€49,92",https://pandabuy.page.link/Xz7BPJ6dcetDiNEQ9,
133,,,,,,,
134,,,,,,,
135,,,,,,,
136,Uni Blue 4s,https://pandabuy.page.link/s9sr4zhzNDRGBcAr9,¥ 560.0,"$80,47","€73,57",https://pandabuy.page.link/s9sr4zhzNDRGBcAr9,
137,,,,,,,
138,,,,,,,
139,,,,,,,
140,Bred 4s,https://pandabuy.page.link/LGgcg8dcxTzvfJR2A,¥ 260.0,"$37,36","€34,16",https://pandabuy.page.link/LGgcg8dcxTzvfJR2A,
141,,,,,,,
142,,,,,,,
143,,,,,,,
144,Fire Red 4s,https://pandabuy.page.link/FxHtDfzpMqzUyD4QA,¥ 380.0,"$54,60","€49,92",https://pandabuy.page.link/FxHtDfzpMqzUyD4QA,
145,,,,,,,
146,,,,,,,
147,,,,,,,
148,AMM 4s,https://pandabuy.page.link/tvuoGJGtEPunHu7X9,¥ 209.0,"$30,03","€27,46",https://pandabuy.page.link/tvuoGJGtEPunHu7X9,
149,,,,,,,
150,,,,,,,
151,,,,,,,
152,Oreo 4s,https://pandabuy.page.link/KLqC7Eys21DCcSjo6,¥ 199.0,"$28,59","€26,14",https://pandabuy.page.link/KLqC7Eys21DCcSjo6,
153,,,,,,,
154,,,,,,,
155,,,,,,,
156,Taupe Haze 4s,https://pandabuy.page.link/DMSuM6DhejHMoKxU8,¥ 360.0,"$51,72","€47,29",https://pandabuy.page.link/DMSuM6DhejHMoKxU8,
157,,,,,,,
158,,,,,,,
159,,,,,,,
160,Jordan 4 SB green,https://pandabuy.allapp.link/ckudiffm8ngo604c215g,"¥110,00","$15,44","€14,29",https://pandabuy.allapp.link/ckudiffm8ngo604c215g,
161,,,,,,,
162,,,,,,,
163,,,,,,,
164,Guava 4s,https://pandabuy.page.link/ycVQXiyUvsUGLaES8,¥ 199.0,"$28,59","€26,14",https://pandabuy.page.link/ycVQXiyUvsUGLaES8,
165,,,,,,,
166,,,,,,,
167,,,,,,,
168,Travis FNF Purple,https://pandabuy.page.link/1Fv1pN2kZEwhdEw3A,¥ 480.0,"$68,97","€63,06",https://pandabuy.page.link/1Fv1pN2kZEwhdEw3A,
169,,,,,,,
170,,,,,,,
171,,,,,,,
172,Travis FNF Brown,https://pandabuy.page.link/2pekR32vT43A9nJAA,¥ 520.0,"$74,71","€68,31",https://pandabuy.page.link/2pekR32vT43A9nJAA,
173,,,,,,,
174,,,,,,,
175,,,,,,,
176,Kaws 4s,https://pandabuy.page.link/37TgEy2zJ1DdamgR9,¥ 560.0,"$80,47","€73,57",https://pandabuy.page.link/37TgEy2zJ1DdamgR9,
177,,,,,,,
178,,,,,,,
179,,,,,,,
180,Cheap Jorden 4 Batch,https://pandabuy.page.link/nSMUhfsuntFK9MbHA,¥ 230.0,"$33,05","€30,22",https://pandabuy.page.link/nSMUhfsuntFK9MbHA,
181,,,,,,,
182,,,,,,,
183,,,,,,,
184,George Town PE 4s,https://pandabuy.page.link/Girrsw5R7Y4XGZxYA,¥ 198.0,"$28,45","€26,01",https://pandabuy.page.link/Girrsw5R7Y4XGZxYA,
185,,,,,,,
186,,,,,,,
187,,,,,,,
188,Jordan 4 Metalic Green,https://pandabuy.page.link/YS3AmPMWDAFLSNbA8,¥ 259.0,"$37,21","€34,02",https://pandabuy.page.link/YS3AmPMWDAFLSNbA8,
189,,,,,,,
190,,,,,,,
191,,,,,,,
192,Jordan 4 Metalic Purple,https://pandabuy.page.link/YS3AmPMWDAFLSNbA8,¥ 259.0,"$37,21","€34,02",https://pandabuy.page.link/YS3AmPMWDAFLSNbA8,
193,,,,,,,
194,,,,,,,
195,,,,,,,
196,Jordan 4 Metalic Red,https://pandabuy.page.link/UEE7dnF54pcwYDJv7,¥ 259.0,"$37,21","€34,02",https://pandabuy.page.link/UEE7dnF54pcwYDJv7,
197,,,,,,,
198,,,,,,,
199,,,,,,,
204,"Nike dunk low
grey white",https://pandabuy.allapp.link/cl5kpk9rogtktc43bltg,"¥430,00","$60,37","€55,86",https://pandabuy.allapp.link/cl5kpk9rogtktc43bltg,p
205,,,,,,,
206,,,,,,,
207,,,,,,,
208,All travis Scott dunks,https://pandabuy.allapp.link/cl5kgfnm8ngo604cps3g,"¥410,00","$57,56","€53,27",https://pandabuy.allapp.link/cl5kgfnm8ngo604cps3g,p
209,,,,,,,
210,,,,,,,
211,,,,,,,
212,Jordan 1 Dior Low,https://pandabuy.allapp.link/cl2f4bfm8ngo604cftlg,"¥599,00","$84,10","€77,82",https://pandabuy.allapp.link/cl2f4bfm8ngo604cftlg,p
213,,,,,,,
214,,,,,,,
215,,,,,,,
216,Travis Reverse Mocha,https://pandabuy.allapp.link/cl5mbkggpf6nf012uc2g,"¥409,00","$57,42","€53,14",https://pandabuy.allapp.link/cl5mbkggpf6nf012uc2g,pp
217,,,,,,,
218,,,,,,,
219,,,,,,,
220,M - DUNKS,https://pandabuy.allapp.link/cm43kcp0b4mhqi3pf3mg,"¥300,00","$42,12","€47,98",https://pandabuy.allapp.link/cm43kcp0b4mhqi3pf3mg,CKT
221,,,,,,,
222,,,,,,,
223,,,,,,,
224,G/VT DUNKS,https://pandabuy.allapp.link/cm43luvm8nglvnuom420,"¥169,00","$23,73","€48,98",https://pandabuy.allapp.link/cm43luvm8nglvnuom420,CKT
225,,,,,,,
226,,,,,,,
227,,,,,,,
228,CS - DUNKS,https://pandabuy.allapp.link/cm43ngfm8nglvnuom440,"¥199,00","$27,94","€49,98",https://pandabuy.allapp.link/cm43ngfm8nglvnuom440,CKT
229,,,,,,,
230,,,,,,,
231,,,,,,,
232,KT-AJ1 LOW,https://pandabuy.allapp.link/cm43orvm8nglvnuom470,"¥189,00","$26,54","€50,98",https://pandabuy.allapp.link/cm43orvm8nglvnuom470,CKT
233,,,,,,,
234,,,,,,,
235,,,,,,,
236,FK-AJ1,https://pandabuy.allapp.link/cm43r88gpf6qoog0eav0,"¥369,00","$51,81","€51,98",https://pandabuy.allapp.link/cm43r88gpf6qoog0eav0,CKT
237,,,,,,,
238,,,,,,,
239,,,,,,,
240,PK-AJ1,https://pandabuy.allapp.link/cm43smggpf6qoog0eb2g,"¥370,00","$51,95","€52,98",https://pandabuy.allapp.link/cm43smggpf6qoog0eb2g,CKT
241,,,,,,,
242,,,,,,,
243,,,,,,,
244,VT-Batch Dunks,https://pandabuy.page.link/ZSXJR1dTWbaZML86A,¥ 190.0,"$27,30","€24,96",https://pandabuy.page.link/ZSXJR1dTWbaZML86A,
245,,,,,,,
246,,,,,,,
247,,,,,,,
248,Panda Dunks,https://pandabuy.page.link/U5gRz2DpiNBeV28N7,¥ 199.0,"$28,59","€26,14",https://pandabuy.page.link/U5gRz2DpiNBeV28N7,
249,,,,,,,
250,,,,,,,
251,,,,,,,
252,Travis Scott Mocha Dunks,https://pandabuy.page.link/HtLAPEabNLq3xuF4A,¥ 260.0,"$37,36","€34,16",https://pandabuy.page.link/HtLAPEabNLq3xuF4A,
253,,,,,,,
254,,,,,,,
255,,,,,,,
256,Strange Love SB Dunk,https://pandabuy.page.link/MLoJDqnR2UkPHHFp7,¥ 380.0,"$54,60","€49,92",https://pandabuy.page.link/MLoJDqnR2UkPHHFp7,
257,,,,,,,
258,,,,,,,
259,,,,,,,
260,Supreme SB Dunks,https://pandabuy.page.link/HbUx2nLUpHioSkw86,¥ 270.0,"$38,80","€35,47",https://pandabuy.page.link/HbUx2nLUpHioSkw86,
261,,,,,,,
262,,,,,,,
263,,,,,,,
264,ALL Lobsters,https://pandabuy.page.link/H116EC8kJjoq6AFA7,¥ 620.0,"$89,09","€81,45",https://pandabuy.page.link/H116EC8kJjoq6AFA7,
265,,,,,,,
266,,,,,,,
267,,,,,,,
268,Jordan 1 Dior Low,https://pandabuy.page.link/ES1vgrXLPVAh7s4i6,¥ 500.0,"$71,85","€65,69",https://pandabuy.page.link/ES1vgrXLPVAh7s4i6,
269,,,,,,,
270,,,,,,,
271,,,,,,,
272,Travis Reverse Mocha,https://pandabuy.page.link/PFHBzKMGc9HUmFUFA,¥ 350.0,"$50,29","€45,98",https://pandabuy.page.link/PFHBzKMGc9HUmFUFA,
273,,,,,,,
274,,,,,,,
275,,,,,,,
276,ALL Nike SB,https://pandabuy.page.link/TxWQaDnRNgDe3HkC8,¥ 260.0,"$37,40","€34,39",https://pandabuy.page.link/TxWQaDnRNgDe3HkC8,
277,,,,,,,
278,,,,,,,
279,,,,,,,
280,Travis Concept #1,https://pandabuy.page.link/8swb5HbcyZMjhpdz9,¥ 400.0,"$57,54","€52,91",https://pandabuy.page.link/8swb5HbcyZMjhpdz9,
281,,,,,,,
282,,,,,,,
283,,,,,,,
284,Travis Concept #2,https://pandabuy.page.link/LVJXLjWbLrZagaFS7,¥ 400.0,"$57,54","€52,91",https://pandabuy.page.link/LVJXLjWbLrZagaFS7,
285,,,,,,,
286,,,,,,,
287,,,,,,,
288,Travis Concept #3,https://pandabuy.page.link/EeSCX9EucEbiLZNK6,¥ 400.0,"$57,54","€52,91",https://pandabuy.page.link/EeSCX9EucEbiLZNK6,
289,,,,,,,
290,,,,,,,
291,,,,,,,
292,Jordan 1 Low Triple White,https://pandabuy.page.link/Xx33Noe5HkCa54N19,¥ 158.0,"$22,73","€20,90",https://pandabuy.page.link/Xx33Noe5HkCa54N19,
293,,,,,,,
294,,,,,,,
295,,,,,,,
296,Jordan 1 Low Bred Toe,https://pandabuy.page.link/qd6kZtbJ8ijQ9Tc8A,¥ 158.0,"$22,73","€20,90",https://pandabuy.page.link/qd6kZtbJ8ijQ9Tc8A,
297,,,,,,,
298,,,,,,,
299,,,,,,,
300,Jordan 1 Low Mocha,https://pandabuy.page.link/XiaQu15NnYFntUkZ7,¥ 158.0,"$22,73","€20,90",https://pandabuy.page.link/XiaQu15NnYFntUkZ7,
301,,,,,,,
302,,,,,,,
303,,,,,,,
304,Jordan 1 Low Court Low,https://pandabuy.page.link/ZFRL7So4MwRTARgP9,¥ 158.0,"$22,73","€20,90",https://pandabuy.page.link/ZFRL7So4MwRTARgP9,
305,,,,,,,
306,,,,,,,
307,,,,,,,
308,Jordan 1 Low Grey,https://pandabuy.page.link/HRoFBHpg5Nq7ewAg6,¥ 158.0,"$22,73","€20,90",https://pandabuy.page.link/HRoFBHpg5Nq7ewAg6,
309,,,,,,,
310,,,,,,,
311,,,,,,,
312,Jordan 1 Low blue oxidian,https://pandabuy.allapp.link/ckuegoprogtktc42k570,"¥68,00","$9,55","€8,83",https://pandabuy.allapp.link/ckuegoprogtktc42k570,
313,,,,,,,
314,,,,,,,
315,,,,,,,
316,"OFF White Nike Dunk
Univ Red",https://pandabuy.page.link/8eQghuqHQyY2Z82L6,¥ 360.0,"$51,76","€47,62",https://pandabuy.page.link/8eQghuqHQyY2Z82L6,
317,,,,,,,
318,,,,,,,
319,,,,,,,
320,Nike Dunk Brazil,https://pandabuy.page.link/Zi7jPTXUCjqgwhFA7,¥ 260.0,"$37,39","€34,40",https://pandabuy.page.link/Zi7jPTXUCjqgwhFA7,
321,,,,,,,
322,,,,,,,
323,,,,,,,
324,Nike SB Dunk Ben & Jerry,https://pandabuy.page.link/49JnHL13iMjfsz6b6,¥ 420.0,"$60,39","€55,56",https://pandabuy.page.link/49JnHL13iMjfsz6b6,
325,,,,,,,
326,,,,,,,
327,,,,,,,
328,"Nike SB Dunk Low
Travis Scott",https://pandabuy.page.link/cfBVEjaHyNzkSqRu9,¥ 420.0,"$60,39","€55,56",https://pandabuy.page.link/cfBVEjaHyNzkSqRu9,
329,,,,,,,
330,,,,,,,
331,,,,,,,
332,"Jordan 1 Retro Low OG SP
Travis Scott Black Phantom",https://pandabuy.page.link/EPpG3FBQJDR6ppgv7,¥ 270.0,"$38,83","€35,72",https://pandabuy.page.link/EPpG3FBQJDR6ppgv7,
333,,,,,,,
334,,,,,,,
335,,,,,,,
336,"SB Dunk Low panda
black and white
dove sneakers",https://pandabuy.page.link/z1TwgMcpw7ib6pgw6,¥ 260.0,"$37,39","€34,40",https://pandabuy.page.link/z1TwgMcpw7ib6pgw6,
337,,,,,,,
338,,,,,,,
339,,,,,,,
340,"Nike Dunk Low
OFF White Pine Green",https://pandabuy.page.link/kkLP72CbNBHKygZh7,¥ 380.0,"$54,64","€50,27",https://pandabuy.page.link/kkLP72CbNBHKygZh7,
341,,,,,,,
342,,,,,,,
343,,,,,,,
344,Nike Dunk Low Blue,https://pandabuy.page.link/Nkpoma5mRhemc4GH6,¥ 360.0,"$51,76","€47,62",https://pandabuy.page.link/Nkpoma5mRhemc4GH6,
345,,,,,,,
346,,,,,,,
347,,,,,,,
348,Nike Dunk BornxRaised Low,https://pandabuy.allapp.link/ckuecc8gpf6nf0126g4g,"¥216,00","$30,33","€28,06",https://pandabuy.allapp.link/ckuecc8gpf6nf0126g4g,
349,,,,,,,
350,,,,,,,
351,,,,,,,
352,Nike Peach Cream Dunks,https://pandabuy.allapp.link/ck44j9h0b4mqssple0p0,"¥218,00","$30,61","€28,32",https://pandabuy.allapp.link/ck44j9h0b4mqssple0p0,
353,,,,,,,
354,,,,,,,
355,,,,,,,
356,"Nike SB Dunk Low Grateful
Dead Bears Green",https://pandabuy.page.link/94VxSXphokm18oPG9,¥ 400.0,"$57,54","€52,91",https://pandabuy.page.link/94VxSXphokm18oPG9,
357,,,,,,,
358,,,,,,,
359,,,,,,,
360,"Nike SB Dunk Low Grateful
Dead Bears Opti Yellow",https://pandabuy.page.link/Kkd8HwjLaAsiX11L9,¥ 400.0,"$57,54","€52,91",https://pandabuy.page.link/Kkd8HwjLaAsiX11L9,
361,,,,,,,
362,,,,,,,
363,,,,,,,
364,"Nike SB Dunk Low
""Night of Mischief""
Halloween",https://pandabuy.page.link/h2RoFHnoj1uMy28s6,"¥210,00","$30,20","€27,79",https://pandabuy.page.link/h2RoFHnoj1uMy28s6,
365,,,,,,,
366,,,,,,,
367,,,,,,,
368,Rubber Dunks Unc,https://pandabuy.page.link/hSp4wTxMLynStm4j6,"¥360,00","$51,34","€47,46",https://pandabuy.page.link/hSp4wTxMLynStm4j6,
369,,,,,,,
370,,,,,,,
371,,,,,,,
372,"All Nike Dunk Low
OFF White dunks",https://pandabuy.allapp.link/ckh8t27m8ngn7029h1lg,"¥360,00","$51,34","€47,46",https://pandabuy.allapp.link/ckh8t27m8ngn7029h1lg,
373,,,,,,,
374,,,,,,,
375,,,,,,,
376,Nike Dunks Gardenia,https://pandabuy.allapp.link/ck61bsvm8ngn7028girg,"¥360,00","$50,54","€46,77",https://pandabuy.allapp.link/ck61bsvm8ngn7028girg,
377,,,,,,,
378,,,,,,,
379,,,,,,,
380,Apple Dunks low,https://pandabuy.allapp.link/ck61urggpf6q6124sj80,"¥399,00","$56,02","€51,84",https://pandabuy.allapp.link/ck61urggpf6q6124sj80,
381,,,,,,,
382,,,,,,,
383,,,,,,,
384,Panda Dunks High,https://pandabuy.allapp.link/ckbe0efm8ngn7028vrfg,"¥370,00","$51,95","€48,07",https://pandabuy.allapp.link/ckbe0efm8ngn7028vrfg,
385,,,,,,,
386,,,,,,,
387,,,,,,,
392,Air Jordan 1 golf batch,https://pandabuy.allapp.link/cl5ki5hrogtktc43bl90,"¥400,00","$56,16","$51,97",https://pandabuy.allapp.link/cl5ki5hrogtktc43bl90,p
393,,,,,,,
394,,,,,,,
395,,,,,,,
396,"Air jordan 1 x OFF white
Batch",https://pandabuy.allapp.link/cl2e9lvm8ngo604cfpl0,"¥500,00","$70,20","$64,96",https://pandabuy.allapp.link/cl2e9lvm8ngo604cfpl0,p
397,,,,,,,
398,,,,,,,
399,,,,,,,
400,Air jordan 1 batch,https://pandabuy.allapp.link/cl2f000gpf6nf012k9s0,"¥450,00","$63,18","$58,46",https://pandabuy.allapp.link/cl2f000gpf6nf012k9s0,p
401,,,,,,,
402,,,,,,,
403,,,,,,,
404,Nike air jordan 1 Mocha,https://pandabuy.allapp.link/cl5mabhrogtktc43bq3g,"¥430,00","$87,44","€78,42",https://pandabuy.allapp.link/cl5mabhrogtktc43bq3g,pp
405,,,,,,,
406,,,,,,,
407,,,,,,,
408,Air jordan 1 retro high,https://pandabuy.allapp.link/cl5m6ahrogtktc43bpng,"¥460,00","$87,45","€79,42",https://pandabuy.allapp.link/cl5m6ahrogtktc43bpng,pp
409,,,,,,,
410,,,,,,,
411,,,,,,,
412,GD-AJ1 HIGH,https://pandabuy.allapp.link/cm43ps90b4mhqi3pf460,"¥299,00","$87,46","€80,42",https://pandabuy.allapp.link/cm43ps90b4mhqi3pf460,CKT
413,,,,,,,
414,,,,,,,
415,,,,,,,
416,Obsidians Jordan 1,https://pandabuy.page.link/gjAv7AeK87pZG6K27,¥ 608.0,"$87,46","€80,42",https://pandabuy.page.link/gjAv7AeK87pZG6K27,
417,,,,,,,
418,,,,,,,
419,,,,,,,
420,Hyper Royal Jordan 1,https://pandabuy.page.link/ExMKdCbE8wBJWiLo9,¥ 420.0,"$60,41","€55,55",https://pandabuy.page.link/ExMKdCbE8wBJWiLo9,
421,,,,,,,
422,,,,,,,
423,,,,,,,
424,AMM 1s,https://pandabuy.page.link/wU5y4wEV11LDHhQw6,¥ 420.0,"$60,41","€55,55",https://pandabuy.page.link/wU5y4wEV11LDHhQw6,
425,,,,,,,
426,,,,,,,
427,,,,,,,
428,Pine Green 1s,https://pandabuy.page.link/oVkZiy7xWog2BmCHA,¥ 400.0,"$57,54","€52,91",https://pandabuy.page.link/oVkZiy7xWog2BmCHA,
429,,,,,,,
430,,,,,,,
431,,,,,,,
432,Stage Haze 1s,https://pandabuy.page.link/zQXS8e6nt9JK6Hme9,¥ 260.0,"$37,40","€34,39",https://pandabuy.page.link/zQXS8e6nt9JK6Hme9,
433,,,,,,,
434,,,,,,,
435,,,,,,,
436,Court Purple 1s,https://pandabuy.page.link/rkUuLNXWVB7WQWAQ8,¥ 400.0,"$57,54","€52,91",https://pandabuy.page.link/rkUuLNXWVB7WQWAQ8,
437,,,,,,,
438,,,,,,,
439,,,,,,,
440,Blue Moon 1s,https://pandabuy.page.link/v7eWGwBF6D9YiZTD7,¥ 420.0,"$60,41","€55,55",https://pandabuy.page.link/v7eWGwBF6D9YiZTD7,
441,,,,,,,
442,,,,,,,
443,,,,,,,
444,Patent Royal 1s,https://pandabuy.page.link/69qMuN3j1rodes616,¥ 420.0,"$60,41","€55,55",https://pandabuy.page.link/69qMuN3j1rodes616,
445,,,,,,,
446,,,,,,,
447,,,,,,,
448,Uni Blue 1s,https://pandabuy.page.link/cdkhSy5eBdpz83ec7,¥ 198.0,"$28,48","€26,19",https://pandabuy.page.link/cdkhSy5eBdpz83ec7,
449,,,,,,,
450,,,,,,,
451,,,,,,,
452,Chicago 1s,https://pandabuy.page.link/1saurHG36EgHQ4UP6,¥ 248.0,"$35,67","€32,80",https://pandabuy.page.link/1saurHG36EgHQ4UP6,
453,,,,,,,
454,,,,,,,
455,,,,,,,
456,AJ1 Bread Toe Banned,https://pandabuy.page.link/qsz1bXqGUjzwdjur6,¥ 198.0,"$28,48","€26,19",https://pandabuy.page.link/qsz1bXqGUjzwdjur6,
457,,,,,,,
458,,,,,,,
459,,,,,,,
460,OFF White North Carolina,https://pandabuy.page.link/W2MfoaR7q3Xr8nbaA,¥ 400.0,"$57,54","€52,91",https://pandabuy.page.link/W2MfoaR7q3Xr8nbaA,
461,,,,,,,
462,,,,,,,
463,,,,,,,
464,OFF White NRG,https://pandabuy.page.link/CwD9Gu2agJqtay5J6,¥ 620.0,"$89,19","€82,01",https://pandabuy.page.link/CwD9Gu2agJqtay5J6,
465,,,,,,,
466,,,,,,,
467,,,,,,,
468,OFF White Chicago,https://pandabuy.page.link/Vj3Z3mMpY9YNWDuA9,¥ 620.0,"$89,19","€82,01",https://pandabuy.page.link/Vj3Z3mMpY9YNWDuA9,
469,,,,,,,
470,,,,,,,
471,,,,,,,
472,ALL LJR Batch,https://pandabuy.page.link/H16KZfZeuve2rWmw8,¥ 480.0,"$69,05","€63,49",https://pandabuy.page.link/H16KZfZeuve2rWmw8,
473,,,,,,,
474,,,,,,,
475,,,,,,,
476,Jordan 1 Black Toe,https://pandabuy.page.link/rNUqnhkGEu24kTzM7,¥ 198.0,"$28,48","€26,19",https://pandabuy.page.link/rNUqnhkGEu24kTzM7,
477,,,,,,,
478,,,,,,,
479,,,,,,,
480,Jordan 1 high washed pink,https://pandabuy.allapp.link/ckm3eshrogtnkdb97oug,"¥298,00","$42,00","€39,00",https://pandabuy.allapp.link/ckm3eshrogtnkdb97oug,
481,,,,,,,
482,,,,,,,
483,,,,,,,
488,Air jordan 3 batch,https://pandabuy.allapp.link/cl5kk3progtktc43blf0,"¥480,00","$67,39","€62,36",https://pandabuy.allapp.link/cl5kk3progtktc43blf0,p
489,,,,,,,
490,,,,,,,
491,,,,,,,
492,Air jordan 11 batch,https://pandabuy.allapp.link/cl2ffg7m8ngo604cfv90,"¥550,00","$77,22","€71,45",https://pandabuy.allapp.link/cl2ffg7m8ngo604cfv90,p
493,,,,,,,
494,,,,,,,
495,,,,,,,
496,Air jordan 11 retro cherry,https://pandabuy.allapp.link/cl5m7lnm8ngo604cq0o0,"¥480,00","$67,39","€62,36",https://pandabuy.allapp.link/cl5m7lnm8ngo604cq0o0,pp
497,,,,,,,
498,,,,,,,
499,,,,,,,
500,"J Balvin x Jordan
Air Jordan 3",https://pandabuy.allapp.link/cl5m8qhrogtktc43bpv0,"¥480,00","$67,39","€62,36",https://pandabuy.allapp.link/cl5m8qhrogtktc43bpv0,pp
501,,,,,,,
502,,,,,,,
503,,,,,,,
504,Small GX/H-AJ3,https://pandabuy.allapp.link/cm43u0fm8nglvnuom4o0,"¥199,00","$27,94","€25,85",https://pandabuy.allapp.link/cm43u0fm8nglvnuom4o0,CKT
505,,,,,,,
506,,,,,,,
507,,,,,,,
508,OG-AJ11,https://pandabuy.allapp.link/cm440m10b4mhqi3pf4m0,"¥459,00","$64,44","€59,63",https://pandabuy.allapp.link/cm440m10b4mhqi3pf4m0,CKT
509,,,,,,,
510,,,,,,,
511,,,,,,,
512,"AIR JORDAN 11
(33 Colorways)",https://pandabuy.page.link/MYzNuD3qLw4BoKm58,"¥350,00","$49,14","€45,47",https://pandabuy.page.link/MYzNuD3qLw4BoKm58,
513,,,,,,,
514,,,,,,,
515,,,,,,,
516,Jordan 12's,https://pandabuy.allapp.link/ckue8p8gpf6nf0126ftg,"¥150,00","$21,06","€19,49",https://pandabuy.allapp.link/ckue8p8gpf6nf0126ftg,
517,,,,,,,
518,,,,,,,
519,,,,,,,
520,"AMM 3s
Huge Batch",https://pandabuy.page.link/VUuxE7tSNmjKDF3j6,"¥420,00","$58,97","€54,57",https://pandabuy.page.link/VUuxE7tSNmjKDF3j6,
521,,,,,,,
522,,,,,,,
523,,,,,,,
524,White Cement 3s,https://pandabuy.page.link/JqdkkXwBiVJFjaKK6,"¥620,00","$87,05","€80,55",https://pandabuy.page.link/JqdkkXwBiVJFjaKK6,
525,,,,,,,
526,,,,,,,
527,,,,,,,
528,Racer Blue 3s,https://pandabuy.page.link/xaYkpDzqYHmCV4tB6,"¥240,00","$33,70","€31,18",https://pandabuy.page.link/xaYkpDzqYHmCV4tB6,
529,,,,,,,
530,,,,,,,
531,,,,,,,
532,UNC 3s,https://pandabuy.page.link/4DwMLZUn14DqQSL56,"¥620,00","$87,05","€80,55",https://pandabuy.page.link/4DwMLZUn14DqQSL56,
533,,,,,,,
534,,,,,,,
535,,,,,,,
536,Dark Iris 3s,https://pandabuy.page.link/WDaDxHQPRdfEZmWw9,"¥620,00","$87,05","€80,55",https://pandabuy.page.link/WDaDxHQPRdfEZmWw9,
537,,,,,,,
538,,,,,,,
539,,,,,,,
540,Cool Grey 3s,https://pandabuy.page.link/WDaDxHQPRdfEZmWw9,"¥620,00","$87,05","€80,55",https://pandabuy.page.link/WDaDxHQPRdfEZmWw9,
541,,,,,,,
542,,,,,,,
543,,,,,,,
544,Black Cement 3s,https://pandabuy.page.link/WDaDxHQPRdfEZmWw9,"¥620,00","$87,05","€80,55",https://pandabuy.page.link/WDaDxHQPRdfEZmWw9,
545,,,,,,,
546,,,,,,,
547,,,,,,,
548,Pure White 3s,https://pandabuy.page.link/PoTRaUma7k8p3qgC7,"¥240,00","$33,70","€31,18",https://pandabuy.page.link/PoTRaUma7k8p3qgC7,
549,,,,,,,
550,,,,,,,
551,,,,,,,
552,Jordan 3 Black Cats,https://pandabuy.allapp.link/ck6ojbfm8ngn7028il6g,"¥165,00","$23,17","€21,44",https://pandabuy.allapp.link/ck6ojbfm8ngn7028il6g,
553,,,,,,,
554,,,,,,,
555,,,,,,,
556,Jordan 11 Playoffs Bred,https://pandabuy.page.link/nUE8eHFM5edeht8c7,"¥350,00","$49,14","€45,47",https://pandabuy.page.link/nUE8eHFM5edeht8c7,
557,,,,,,,
558,,,,,,,
559,,,,,,,
560,AIR JORDAN 11,https://pandabuy.page.link/nUE8eHFM5edeht8c7,"¥350,00","$49,14","€45,47",https://pandabuy.page.link/nUE8eHFM5edeht8c7,
561,,,,,,,
562,,,,,,,
563,,,,,,,
564,Jordan 5 Retro Fire Red Silver Tongue,https://pandabuy.allapp.link/ck6nj7ggpf6q6124uep0,"¥330,00","$46,33","€42,87",https://pandabuy.allapp.link/ck6nj7ggpf6q6124uep0,
565,,,,,,,
566,,,,,,,
567,,,,,,,
568,Jordan 5 Retro Racer Blue,https://pandabuy.allapp.link/ck6nkbnm8ngn7028iidg,"¥430,00","$60,37","€55,86",https://pandabuy.allapp.link/ck6nkbnm8ngn7028iidg,
569,,,,,,,
570,,,,,,,
571,,,,,,,
572,Jordan 5 UNC,https://pandabuy.allapp.link/ck6ofqhrogtvoj72vnrg,"¥380,00","$53,35","€49,37",https://pandabuy.allapp.link/ck6ofqhrogtvoj72vnrg,
573,,,,,,,
574,,,,,,,
575,,,,,,,
580,All air force 1,https://pandabuy.allapp.link/cl5kmiogpf6nf012u7i0,"¥290,00","$17,25","€14,87",https://pandabuy.allapp.link/cl5kmiogpf6nf012u7i0,p
581,,,,,,,
582,,,,,,,
583,,,,,,,
584,KX-AF1,https://pandabuy.allapp.link/cm441u0gpf6qoog0ebfg,"¥99,00","$17,26","€15,87",https://pandabuy.allapp.link/cm441u0gpf6qoog0ebfg,CKT
585,,,,,,,
586,,,,,,,
587,,,,,,,
588,White Air Force 1,https://pandabuy.page.link/9FPnZm5uxgiQ7BcMA,¥ 120.0,"$17,26","€15,87",https://pandabuy.page.link/9FPnZm5uxgiQ7BcMA,
589,,,,,,,
590,,,,,,,
591,,,,,,,
592,Triple Red Air Force 1,https://pandabuy.page.link/jMoyaWDg8dWtPvYQ8,"¥180,00","$25,20","€23,41",https://pandabuy.page.link/jMoyaWDg8dWtPvYQ8,
593,,,,,,,
594,,,,,,,
595,,,,,,,
596,Drake Air Force 1,https://pandabuy.page.link/NwMjDh1xvfVB1rYd7,¥ 160.0,"$23,01","€21,16",https://pandabuy.page.link/NwMjDh1xvfVB1rYd7,
597,,,,,,,
598,,,,,,,
599,,,,,,,
600,"Supreme Air Force 1
(2 Colorways)",https://pandabuy.page.link/dUKvXyAvg6SA1JE97,¥ 180.0,"$25,89","€23,81",https://pandabuy.page.link/dUKvXyAvg6SA1JE97,
601,,,,,,,
602,,,,,,,
603,,,,,,,
604,"Travis Scott Air Force 1
Pure White",https://pandabuy.page.link/dUKvXyAvg6SA1JE97,¥ 300.0,"$43,15","€39,68",https://pandabuy.page.link/dUKvXyAvg6SA1JE97,
605,,,,,,,
606,,,,,,,
607,,,,,,,
608,"Travis Scott Air Force 1
Beige",https://pandabuy.page.link/dUKvXyAvg6SA1JE97,¥ 300.0,"$43,15","€39,68",https://pandabuy.page.link/dUKvXyAvg6SA1JE97,
609,,,,,,,
610,,,,,,,
611,,,,,,,
612,Tiffany And Co Air Force 1,https://pandabuy.page.link/dUKvXyAvg6SA1JE97,¥ 350.0,"$50,35","€46,30",https://pandabuy.page.link/dUKvXyAvg6SA1JE97,
613,,,,,,,
614,,,,,,,
615,,,,,,,
616,Nocta Air Force 1,https://pandabuy.page.link/FC1ZtZFX1hYNW6kX9,¥ 200.0,"$28,76","€26,45",https://pandabuy.page.link/FC1ZtZFX1hYNW6kX9,
617,,,,,,,
618,,,,,,,
619,,,,,,,
620,Stussy Air Force 1 Beige,https://pandabuy.page.link/kULKh4PgLLo1Gvby7,¥ 370.0,"$53,22","€48,94",https://pandabuy.page.link/kULKh4PgLLo1Gvby7,
621,,,,,,,
622,,,,,,,
623,,,,,,,
624,Stussy Air Force 1,https://pandabuy.allapp.link/cko3ed10b4mvau7pj140,"¥195,00","$27,38","$25,33",https://pandabuy.allapp.link/cko3ed10b4mvau7pj140,
625,,,,,,,
626,,,,,,,
627,,,,,,,
628,Air Force 1 Flax 19/20,https://pandabuy.allapp.link/ckuea2progtktc42k4c0,"¥180,00","$25,27","€23,39",https://pandabuy.allapp.link/ckuea2progtktc42k4c0,
629,,,,,,,
630,,,,,,,
631,,,,,,,
632,Air Force 1 Flax 19/20 #2,https://pandabuy.allapp.link/ckueas8gpf6nf0126g00,"¥208,00","$29,20","€27,02",https://pandabuy.allapp.link/ckueas8gpf6nf0126g00,
633,,,,,,,
634,,,,,,,
635,,,,,,,
636,AF1 X CPFM Black,https://pandabuy.page.link/FDBNSaaRQGTwwgDv6,¥ 320.0,"$46,03","€42,33",https://pandabuy.page.link/FDBNSaaRQGTwwgDv6,
637,,,,,,,
638,,,,,,,
639,,,,,,,
640,AF1 X CPFM White,https://pandabuy.page.link/ZjcucitxtS1ck5kb6,¥ 360.0,"$51,79","€47,62",https://pandabuy.page.link/ZjcucitxtS1ck5kb6,
641,,,,,,,
642,,,,,,,
643,,,,,,,
644,AF1 X CPFM Red,https://pandabuy.page.link/F7XdmCCZxEm3FjgW6,¥ 320.0,"$46,03","€42,33",https://pandabuy.page.link/F7XdmCCZxEm3FjgW6,
645,,,,,,,
646,,,,,,,
647,,,,,,,
648,LV Air Force 1,https://pandabuy.page.link/aur5rdWPKZciwo6H9,¥ 370.0,"$53,22","€48,94",https://pandabuy.page.link/aur5rdWPKZciwo6H9,
649,,,,,,,
650,,,,,,,
651,,,,,,,
652,Black Air Force 1,https://pandabuy.page.link/55697xdF566RBCxr7,¥ 120.0,"$17,25","€15,87",https://pandabuy.page.link/55697xdF566RBCxr7,
653,,,,,,,
654,,,,,,,
655,,,,,,,
656,"Nike Air Force 1
Low Off-White Black White",https://pandabuy.page.link/VpwcepDWxa9qRMgL9,¥ 500.0,"$71,89","€66,14",https://pandabuy.page.link/VpwcepDWxa9qRMgL9,
657,,,,,,,
658,,,,,,,
659,,,,,,,
660,"Nike Air Force 1
Low Off-White Blue",https://pandabuy.page.link/AtnKja9St7fViDg57,¥ 500.0,"$71,89","€66,14",https://pandabuy.page.link/AtnKja9St7fViDg57,
661,,,,,,,
662,,,,,,,
663,,,,,,,
664,"Nike Air Force 1
Low Off-White Volt",https://pandabuy.page.link/DQrCZxvKCWw4kkRU8,¥ 380.0,"$54,48","€50,13",https://pandabuy.page.link/DQrCZxvKCWw4kkRU8,
665,,,,,,,
666,,,,,,,
667,,,,,,,
668,"Nike Air Force 1
Low Off-White White",https://pandabuy.page.link/DQrCZxvKCWw4kkRU8,¥ 380.0,"$54,48","€50,13",https://pandabuy.page.link/DQrCZxvKCWw4kkRU8,
669,,,,,,,
670,,,,,,,
671,,,,,,,
672,"Nike Air Force 1
Low Off-White Gold",https://pandabuy.page.link/DQrCZxvKCWw4kkRU8,¥ 380.0,"$54,48","€50,13",https://pandabuy.page.link/DQrCZxvKCWw4kkRU8,
673,,,,,,,
674,,,,,,,
675,,,,,,,
676,"Nike Air Force 1
Low Off-White Green",https://pandabuy.page.link/DQrCZxvKCWw4kkRU8,¥ 350.0,"$50,17","€46,17",https://pandabuy.page.link/DQrCZxvKCWw4kkRU8,
677,,,,,,,
678,,,,,,,
679,,,,,,,
680,"AMBUSH x Air Force 1
White",https://pandabuy.page.link/qEMBpW8WFH8KRWG96,¥ 220.0,"$31,54","€29,02",https://pandabuy.page.link/qEMBpW8WFH8KRWG96,
681,,,,,,,
682,,,,,,,
683,,,,,,,
684,"AMBUSH x Air Force 1
Black",https://pandabuy.page.link/qEMBpW8WFH8KRWG96,¥ 220.0,"$31,54","€29,02",https://pandabuy.page.link/qEMBpW8WFH8KRWG96,
685,,,,,,,
686,,,,,,,
687,,,,,,,
688,"AMBUSH x Air Force 1
Blue",https://pandabuy.page.link/qEMBpW8WFH8KRWG96,¥ 220.0,"$31,54","€29,02",https://pandabuy.page.link/qEMBpW8WFH8KRWG96,
689,,,,,,,
690,,,,,,,
691,,,,,,,
692,"AMBUSH x Air Force 1
Green",https://pandabuy.page.link/qEMBpW8WFH8KRWG96,¥ 220.0,"$31,54","€29,02",https://pandabuy.page.link/qEMBpW8WFH8KRWG96,
693,,,,,,,
694,,,,,,,
695,,,,,,,
696,"Nike Air Force 1 Low
Skeleton Halloween",https://pandabuy.page.link/Jepxhu4RYgDkjTRi9,¥ 240.0,"$34,41","€31,66",https://pandabuy.page.link/Jepxhu4RYgDkjTRi9,
697,,,,,,,
698,,,,,,,
699,,,,,,,
700,"Nike Air Force
Chloe heart old cross",https://pandabuy.page.link/gmFj8L5zKvYzyjLDA,¥ 220.0,"$31,54","€29,02",https://pandabuy.page.link/gmFj8L5zKvYzyjLDA,
701,,,,,,,
702,,,,,,,
703,,,,,,,
708,"Nike Air Presto
Off-White Black",https://pandabuy.page.link/bJGgN1hBKjDKU5pW7,"¥220,00","$31,54","€29,02",https://pandabuy.page.link/bJGgN1hBKjDKU5pW7,
709,,,,,,,
710,,,,,,,
711,,,,,,,
712,"Nike Air Presto
Off-White (White)",https://pandabuy.page.link/bJGgN1hBKjDKU5pW7,"¥220,00","$31,54","€29,02",https://pandabuy.page.link/bJGgN1hBKjDKU5pW7,
713,,,,,,,
714,,,,,,,
715,,,,,,,
716,"Nike Air Presto
Off-White Black and Beige",https://pandabuy.page.link/bJGgN1hBKjDKU5pW7,"¥220,00","$31,54","€29,02",https://pandabuy.page.link/bJGgN1hBKjDKU5pW7,
717,,,,,,,
718,,,,,,,
719,,,,,,,
720,"Nike Air Presto
Black and White",https://pandabuy.page.link/bJGgN1hBKjDKU5pW7,"¥220,00","$31,54","€29,02",https://pandabuy.page.link/bJGgN1hBKjDKU5pW7,
721,,,,,,,
722,,,,,,,
723,,,,,,,
724,"Nike Air Presto
Black Soul",https://pandabuy.page.link/bJGgN1hBKjDKU5pW7,"¥220,00","$31,54","€29,02",https://pandabuy.page.link/bJGgN1hBKjDKU5pW7,
725,,,,,,,
726,,,,,,,
727,,,,,,,
728,"Nike Air Presto
Pure White",https://pandabuy.page.link/bJGgN1hBKjDKU5pW7,"¥220,00","$31,54","€29,02",https://pandabuy.page.link/bJGgN1hBKjDKU5pW7,
729,,,,,,,
730,,,,,,,
731,,,,,,,
736,Air Max 90's,https://pandabuy.allapp.link/ckudsfnm8ngo604c21v0,"¥130,00","$18,25","€16,89",https://pandabuy.allapp.link/ckudsfnm8ngo604c21v0,
737,,,,,,,
738,,,,,,,
739,,,,,,,
740,Nike tns (16 Colorways),https://pandabuy.page.link/LLVvakX8zAy5RWQy7,"¥169,00","$24,10","€22,28",https://pandabuy.page.link/LLVvakX8zAy5RWQy7,
741,,,,,,,
742,,,,,,,
743,,,,,,,
744,Air Max 95 (4 Colorways),https://pandabuy.allapp.link/ck8plo1rogtvoj735kqg,"¥150,00","$31,09","€28,74",https://pandabuy.allapp.link/ck8plo1rogtvoj735kqg,
745,,,,,,,
746,,,,,,,
747,,,,,,,
748,CDG Air Max 95,https://pandabuy.allapp.link/ck6o8p0gpf6q6124ugkg,"¥150,00","$21,06","€19,49",https://pandabuy.allapp.link/ck6o8p0gpf6q6124ugkg,
749,,,,,,,
750,,,,,,,
751,,,,,,,
752,"Nike Mens
Air Max Terrascape",https://pandabuy.page.link/KfwSo8v9ngESqDa97,"¥559,00","$79,72","€73,70",https://pandabuy.page.link/KfwSo8v9ngESqDa97,
753,,,,,,,
754,,,,,,,
755,,,,,,,
756,Air Max 97 Jesus Shoes,https://pandabuy.page.link/q16r4TDdSoRxk2WMA,"¥220,00","$31,54","€29,02",https://pandabuy.page.link/q16r4TDdSoRxk2WMA,
757,,,,,,,
758,,,,,,,
759,,,,,,,
760,Air Max 97 (Lil Nas X Shoe),https://pandabuy.page.link/Wg4Wyiuyt6ACHXzr7,"¥129,00","$18,40","€17,01",https://pandabuy.page.link/Wg4Wyiuyt6ACHXzr7,
761,,,,,,,
762,,,,,,,
763,,,,,,,
764,"Sean Witherspoon
Air Max 97",https://pandabuy.page.link/Hp5b5jGThcDd2k2PA,"¥248,00","$35,37","€32,70",https://pandabuy.page.link/Hp5b5jGThcDd2k2PA,
765,,,,,,,
766,,,,,,,
767,,,,,,,
768,"Nike Air Max 1
Travis Scott Cactus Jack
Baroque Brown",https://pandabuy.page.link/vDPSybeLAdWoFQs18,"¥260,00","$37,08","€34,28",https://pandabuy.page.link/vDPSybeLAdWoFQs18,
769,,,,,,,
770,,,,,,,
771,,,,,,,
772,"Air Max 97
(23 Colorways)",https://pandabuy.page.link/mHSZ7SAP8vXDe5xu6,"¥238,00","$33,95","€31,38",https://pandabuy.page.link/mHSZ7SAP8vXDe5xu6,
773,,,,,,,
774,,,,,,,
775,,,,,,,
776,"Nike Nocta x Nike
Hot Step Air Terra",https://pandabuy.page.link/JnLk5Eq2NqBrbFzc7,"¥239,00","$34,09","€31,51",https://pandabuy.page.link/JnLk5Eq2NqBrbFzc7,
777,,,,,,,
778,,,,,,,
779,,,,,,,
780,Nike Vapormax,https://pandabuy.page.link/Za4pchnrc2DSXBfL8,"¥179,00","$25,53","€23,60",https://pandabuy.page.link/Za4pchnrc2DSXBfL8,
781,,,,,,,
782,,,,,,,
783,,,,,,,
784,"Nike Air Max
(28 Colorways)",https://pandabuy.page.link/nzVBx4Qpigfxetzf8,"¥180,00","$25,30","€23,59",https://pandabuy.page.link/nzVBx4Qpigfxetzf8,
785,,,,,,,
786,,,,,,,
787,,,,,,,
788,Stussy Spiridon Air Max,https://pandabuy.allapp.link/ck44l70gpf6lqchm511g,"¥398,00","$55,88","€51,71",https://pandabuy.allapp.link/ck44l70gpf6lqchm511g,
789,,,,,,,
790,,,,,,,
791,,,,,,,
792,Air Max 97 Triple Black,https://pandabuy.allapp.link/ck621sggpf6q6124sjfg,"¥240,00","$33,70","€31,18",https://pandabuy.allapp.link/ck621sggpf6q6124sjfg,
793,,,,,,,
794,,,,,,,
795,,,,,,,
800,Nike zoom kobe,https://pandabuy.allapp.link/cm443790b4mhqi3pf52g,"¥409,00","$57,42","€53,14",https://pandabuy.allapp.link/cm443790b4mhqi3pf52g,CKT
801,,,,,,,
802,,,,,,,
803,,,,,,,
804,"Lebron XX ""Liverpool""",https://pandabuy.allapp.link/ckj6jjggpf6sniefbu10,"¥829,00","$116,39","€107,70",https://pandabuy.allapp.link/ckj6jjggpf6sniefbu10,
805,,,,,,,
806,,,,,,,
807,,,,,,,
808,Nike 270's,https://pandabuy.allapp.link/ck6on59rogtvoj72vos0,"¥210,00","$29,48","€27,28",https://pandabuy.allapp.link/ck6on59rogtvoj72vos0,
809,,,,,,,
810,,,,,,,
811,,,,,,,
812,Nike Nocta Air Terra Champaigne,https://pandabuy.allapp.link/ck6oe90gpf6q6124uh2g,"¥450,00","$63,18","€58,46",https://pandabuy.allapp.link/ck6oe90gpf6q6124uh2g,
813,,,,,,,
814,,,,,,,
815,,,,,,,
816,Nike Air Mag BTF,https://pandabuy.page.link/nPNzMcRFSoszeiCx8,"¥2.600,00","$370,81","€342,79",https://pandabuy.page.link/nPNzMcRFSoszeiCx8,
817,,,,,,,
818,,,,,,,
819,,,,,,,
820,Dunk MF Doom,https://pandabuy.page.link/e777emMQ2oAZdwSQ7,"¥620,00","$88,42","€81,74",https://pandabuy.page.link/e777emMQ2oAZdwSQ7,
821,,,,,,,
822,,,,,,,
823,,,,,,,
824,"Nike Cortez
(13 Colorways)",https://pandabuy.page.link/8AZSC2FZ16wPmzdK9,"¥269,00","$38,37","€35,47",https://pandabuy.page.link/8AZSC2FZ16wPmzdK9,
825,,,,,,,
826,,,,,,,
827,,,,,,,
828,Kobe 6,https://pandabuy.page.link/LJNCVZgjYEZCTAgYA,"¥310,00","$44,21","€40,87",https://pandabuy.page.link/LJNCVZgjYEZCTAgYA,
829,,,,,,,
830,,,,,,,
831,,,,,,,
832,kyrie 4 confetti,https://pandabuy.allapp.link/ckr711ogpf6ir7nid880,"¥268,00",$36,"€34,00",https://pandabuy.allapp.link/ckr711ogpf6ir7nid880,
833,,,,,,,
834,,,,,,,
835,,,,,,,
836,"Air Force 1 Mid LV
Graffitie",https://pandabuy.page.link/ACjqezRZk1seATi5A,"¥460,00","$65,61","€60,65",https://pandabuy.page.link/ACjqezRZk1seATi5A,
837,,,,,,,
838,,,,,,,
839,,,,,,,
840,Air Yeezy 2 Red October,https://pandabuy.page.link/S7CXJKMq6oCG3Fgt8,"¥720,00","$102,69","€94,93",https://pandabuy.page.link/S7CXJKMq6oCG3Fgt8,
841,,,,,,,
842,,,,,,,
843,,,,,,,
844,"Nike G.T. Jump 2
Vollyball Shoes",https://pandabuy.allapp.link/ckm326ogpf6sniefnmmg,"¥389,00",$53,"€51,00",https://pandabuy.allapp.link/ckm326ogpf6sniefnmmg,
845,,,,,,,
846,,,,,,,
847,,,,,,,
848,"Nike G.T. Jump 2
Vollyball Shoes",https://pandabuy.allapp.link/ckm33m9rogtnkdb97mbg,"¥389,00",$53,"€51,00",https://pandabuy.allapp.link/ckm33m9rogtnkdb97mbg,
849,,,,,,,
850,,,,,,,
851,,,,,,,
852,"Nike G.T. Jump 2
Vollyball Shoes",https://pandabuy.allapp.link/ckm33m9rogtnkdb97mbg,"¥389,00",$53,"€51,00",https://pandabuy.allapp.link/ckm33m9rogtnkdb97mbg,
853,,,,,,,
854,,,,,,,
855,,,,,,,
860,Yeezy 350 V2,https://pandabuy.allapp.link/cl2f63nm8ngo604cftu0,"¥380,00","$53,35","$49,37",https://pandabuy.allapp.link/cl2f63nm8ngo604cftu0,p
861,,,,,,,
862,,,,,,,
863,,,,,,,
864,"Yeezy foam Boost 700
batch",https://pandabuy.allapp.link/cl2dgaogpf6nf012k40g,"¥530,00","$74,41","$68,86",https://pandabuy.allapp.link/cl2dgaogpf6nf012k40g,p
865,,,,,,,
866,,,,,,,
867,,,,,,,
868,yeezy boost 350,https://pandabuy.allapp.link/cl5m1aogpf6nf012ub5g,"¥360,00","$54,63","€49,27",https://pandabuy.allapp.link/cl5m1aogpf6nf012ub5g,pp
869,,,,,,,
870,,,,,,,
871,,,,,,,
872,Yeezy foam runner batch,https://pandabuy.allapp.link/cm446hh0b4mhqi3pf5i0,"¥99,00","$54,63","€49,27",https://pandabuy.allapp.link/cm446hh0b4mhqi3pf5i0,CKT
873,,,,,,,
874,,,,,,,
875,,,,,,,
876,Yeezy batch 350,https://pandabuy.allapp.link/cm444g8gpf6qoog0ebl0,"¥249,00","$54,64","€50,27",https://pandabuy.allapp.link/cm444g8gpf6qoog0ebl0,CKT
877,,,,,,,
878,,,,,,,
879,,,,,,,
880,Yeezy Slides,https://pandabuy.page.link/5a8AdJickykggg7A9,¥ 59.0,"$8,49","€7,81",https://pandabuy.page.link/5a8AdJickykggg7A9,
881,,,,,,,
882,,,,,,,
883,,,,,,,
884,"16 Different Color
Yeezy 350 V2",https://pandabuy.page.link/7bfbvXXFwxPZ9V1H8,"¥380,00","$54,64","€50,27",https://pandabuy.page.link/7bfbvXXFwxPZ9V1H8,
885,,,,,,,
886,,,,,,,
887,,,,,,,
888,Yeezy Foam Runner Black,https://pandabuy.page.link/uap8iNf5WpsS4XZy8,¥ 190.0,"$27,32","€25,13",https://pandabuy.page.link/uap8iNf5WpsS4XZy8,
889,,,,,,,
890,,,,,,,
891,,,,,,,
892,Yeezy Foam Runner Ochre,https://pandabuy.page.link/XdxhKdCg9JPMpDQU8,¥ 190.0,"$27,32","€25,13",https://pandabuy.page.link/XdxhKdCg9JPMpDQU8,
893,,,,,,,
894,,,,,,,
895,,,,,,,
896,"Yeezy Foam Runner
Moon Gray",https://pandabuy.page.link/4sGCVXjsrTY2SZw26,¥ 190.0,"$27,32","€25,13",https://pandabuy.page.link/4sGCVXjsrTY2SZw26,
897,,,,,,,
898,,,,,,,
899,,,,,,,
900,Yeezy Foam Runner Ararat,https://pandabuy.page.link/SYbmD2W17yaCQQJ49,¥ 190.0,"$27,32","€25,13",https://pandabuy.page.link/SYbmD2W17yaCQQJ49,
901,,,,,,,
902,,,,,,,
903,,,,,,,
904,"Yeezy Foam Runner
Cream Clay",https://pandabuy.page.link/dgQqZHcA7VY1f7DZ6,¥ 190.0,"$27,32","€25,13",https://pandabuy.page.link/dgQqZHcA7VY1f7DZ6,
905,,,,,,,
906,,,,,,,
907,,,,,,,
908,"Yeezy Boost 750 OG
Light Brown",https://pandabuy.page.link/1anDMvAraPqYk43w9,¥ 680.0,"$97,78","€89,96",https://pandabuy.page.link/1anDMvAraPqYk43w9,
909,,,,,,,
910,,,,,,,
911,,,,,,,
912,"Best Budget
Yeezy 350 V2",https://pandabuy.page.link/5R8bRBUzqTSX4Kyf8,"¥ 128,00","$18,29","€16,90",https://pandabuy.page.link/5R8bRBUzqTSX4Kyf8,
913,,,,,,,
914,,,,,,,
915,,,,,,,
916,"Yeezy Foam Runner
Bone White",https://pandabuy.page.link/6P7a7SVbjCmuyYeP6,"¥ 135,00","$19,30","€17,83",https://pandabuy.page.link/6P7a7SVbjCmuyYeP6,
917,,,,,,,
918,,,,,,,
919,,,,,,,
920,"Yeezy 700s
All Colorways",https://pandabuy.page.link/u69Uy85NppefqEFe7,"¥380,00","$54,33","€50,19",https://pandabuy.page.link/u69Uy85NppefqEFe7,
921,,,,,,,
922,,,,,,,
923,,,,,,,
924,Yeezy NSLTD Boot,https://pandabuy.page.link/2gTsfbga256AtrgY9,"¥549,00","$78,49","€72,51",https://pandabuy.page.link/2gTsfbga256AtrgY9,
925,,,,,,,
926,,,,,,,
927,,,,,,,
928,"Pollex Crocs
(5 Colorways)",https://pandabuy.page.link/13VuxEj9RbckANNi6,"¥90,00","$12,87","€11,89",https://pandabuy.page.link/13VuxEj9RbckANNi6,
929,,,,,,,
930,,,,,,,
931,,,,,,,
932,"Yeezy 450
Utility Black",https://pandabuy.page.link/kkSrJaW7Rqr99NkV7,"¥258,00","$36,88","€34,07",https://pandabuy.page.link/kkSrJaW7Rqr99NkV7,
933,,,,,,,
934,,,,,,,
935,,,,,,,
936,"Yeezy 450
Pure White",https://pandabuy.page.link/kkSrJaW7Rqr99NkV7,"¥258,00","$36,88","€34,07",https://pandabuy.page.link/kkSrJaW7Rqr99NkV7,
937,,,,,,,
938,,,,,,,
939,,,,,,,
940,"Yeezy 500s
(5 ColorWays)",https://pandabuy.page.link/iALyieQERgkcdap9A,"¥208,00","$29,74","€27,47",https://pandabuy.page.link/iALyieQERgkcdap9A,
941,,,,,,,
942,,,,,,,
943,,,,,,,
944,"Other Yeezy 500s
(Got Bigger Size's 45+)",https://pandabuy.page.link/pmPgmEiVnMwAu3eL6,"¥390,00","$54,83","€50,89",https://pandabuy.page.link/pmPgmEiVnMwAu3eL6,
945,,,,,,,
946,,,,,,,
947,,,,,,,
952,Balenciaga Track Runner,https://pandabuy.allapp.link/cm4488ggpf6qoog0ec2g,"¥449,00","$41,40","€37,10",https://pandabuy.allapp.link/cm4488ggpf6qoog0ec2g,CKT
953,,,,,,,
954,,,,,,,
955,,,,,,,
956,"Balenciaga Speed
Trainer Oreo",https://pandabuy.page.link/jHg11h4VDAvqJ5Z78,¥ 288.0,"$41,41","€38,10",https://pandabuy.page.link/jHg11h4VDAvqJ5Z78,
957,,,,,,,
958,,,,,,,
959,,,,,,,
960,"Balenciaga Speed Trainer
Black White",https://pandabuy.page.link/jHg11h4VDAvqJ5Z78,¥ 288.0,"$41,41","€38,10",https://pandabuy.page.link/jHg11h4VDAvqJ5Z78,
961,,,,,,,
962,,,,,,,
963,,,,,,,
964,"Balenciaga Speed Trainer
Black",https://pandabuy.page.link/MXhXE9rXvEFjd9zV7,¥ 288.0,"$41,41","€38,10",https://pandabuy.page.link/MXhXE9rXvEFjd9zV7,
965,,,,,,,
966,,,,,,,
967,,,,,,,
968,"Balenciaga Triple-S
Air Cushion
(12 ColorWays)",https://pandabuy.page.link/gHhiuMmMQbMQz4Lz9,"¥510,00","$73,11","€67,28",https://pandabuy.page.link/gHhiuMmMQbMQz4Lz9,
969,,,,,,,
970,,,,,,,
971,,,,,,,
972,Balenciaga Track Runner,https://pandabuy.page.link/8WwwKmHurGEEsEEj9,"¥750,00","$107,52","€98,94",https://pandabuy.page.link/8WwwKmHurGEEsEEj9,
973,,,,,,,
974,,,,,,,
975,,,,,,,
976,"Balenciaga Defender
(10 ColorWays)",https://pandabuy.page.link/kGsanb6hzVY8oVXG6,"¥550,00","$78,85","€72,56",https://pandabuy.page.link/kGsanb6hzVY8oVXG6,
977,,,,,,,
978,,,,,,,
979,,,,,,,
984,"Versace Odissea
Black",https://pandabuy.page.link/znRESVgVZpj8hqQe9,"¥399,00","$57,2","€52,64",https://pandabuy.page.link/znRESVgVZpj8hqQe9,
985,,,,,,,
986,,,,,,,
987,,,,,,,
988,"Versace Odissea
White",https://pandabuy.page.link/znRESVgVZpj8hqQe9,"¥399,00","$57,2","€52,64",https://pandabuy.page.link/znRESVgVZpj8hqQe9,
989,,,,,,,
990,,,,,,,
991,,,,,,,
992,"Versace Odissea
Light Brown",https://pandabuy.page.link/znRESVgVZpj8hqQe9,"¥399,00","$57,2","€52,64",https://pandabuy.page.link/znRESVgVZpj8hqQe9,
993,,,,,,,
994,,,,,,,
995,,,,,,,
996,"Versace Odissea
Dark Brown",https://pandabuy.page.link/znRESVgVZpj8hqQe9,"¥399,00","$57,2","€52,64",https://pandabuy.page.link/znRESVgVZpj8hqQe9,
997,,,,,,,
998,,,,,,,
999,,,,,,,
1000,"Versace Odissea
Blue",https://pandabuy.page.link/znRESVgVZpj8hqQe9,"¥399,00","$57,2","€52,64",https://pandabuy.page.link/znRESVgVZpj8hqQe9,
1001,,,,,,,
1002,,,,,,,
1003,,,,,,,
1004,"Versace Odissea
Silver",https://pandabuy.page.link/znRESVgVZpj8hqQe9,"¥399,00","$57,2","€52,64",https://pandabuy.page.link/znRESVgVZpj8hqQe9,
1005,,,,,,,
1006,,,,,,,
1007,,,,,,,
1012,Bape Sta Low Blue,https://pandabuy.page.link/zzVNDoUBQmEMZkwNA,¥ 260.0,"$37,27","€34,30",https://pandabuy.page.link/zzVNDoUBQmEMZkwNA,
1013,,,,,,,
1014,,,,,,,
1015,,,,,,,
1016,Bape Sta Low Orange,https://pandabuy.page.link/zzVNDoUBQmEMZkwNA,¥ 260.0,"$37,27","€34,30",https://pandabuy.page.link/zzVNDoUBQmEMZkwNA,
1017,,,,,,,
1018,,,,,,,
1019,,,,,,,
1020,Bape Sta Low Black,https://pandabuy.page.link/zzVNDoUBQmEMZkwNA,¥ 260.0,"$37,27","€34,30",https://pandabuy.page.link/zzVNDoUBQmEMZkwNA,
1021,,,,,,,
1022,,,,,,,
1023,,,,,,,
1024,Bape Sta Low Green,https://pandabuy.page.link/zzVNDoUBQmEMZkwNA,¥ 260.0,"$37,27","€34,30",https://pandabuy.page.link/zzVNDoUBQmEMZkwNA,
1025,,,,,,,
1026,,,,,,,
1027,,,,,,,
1028,Bape SK8 Sta Purple,https://pandabuy.page.link/zzVNDoUBQmEMZkwNA,¥ 280.0,"$40,14","€36,94",https://pandabuy.page.link/zzVNDoUBQmEMZkwNA,
1029,,,,,,,
1030,,,,,,,
1031,,,,,,,
1032,Bape SK8 Sta Blue White,https://pandabuy.page.link/zzVNDoUBQmEMZkwNA,¥ 280.0,"$40,14","€36,94",https://pandabuy.page.link/zzVNDoUBQmEMZkwNA,
1033,,,,,,,
1034,,,,,,,
1035,,,,,,,
1036,Bape SK8 Sta Orange,https://pandabuy.page.link/zzVNDoUBQmEMZkwNA,¥ 280.0,"$40,14","€36,94",https://pandabuy.page.link/zzVNDoUBQmEMZkwNA,
1037,,,,,,,
1038,,,,,,,
1039,,,,,,,
1040,"Bape Sta
Camo White Green",https://pandabuy.page.link/zzVNDoUBQmEMZkwNA,¥ 260.0,"$37,27","€34,30",https://pandabuy.page.link/zzVNDoUBQmEMZkwNA,
1041,,,,,,,
1042,,,,,,,
1043,,,,,,,
1044,"Bape Sta White
Patent Leather",https://pandabuy.page.link/zzVNDoUBQmEMZkwNA,¥ 260.0,"$37,27","€34,30",https://pandabuy.page.link/zzVNDoUBQmEMZkwNA,
1045,,,,,,,
1046,,,,,,,
1047,,,,,,,
1048,"Bathing Ape Bape Sta
LowShark Black",https://pandabuy.page.link/FBnN3ugwjWp3rEfN9,¥ 280.0,"$40,14","€36,94",https://pandabuy.page.link/FBnN3ugwjWp3rEfN9,
1049,,,,,,,
1050,,,,,,,
1051,,,,,,,
1052,"Bape Sta Kanye West
College Dropout",https://pandabuy.page.link/B94wJoEkPiSZUgt4A,¥ 320.0,"$45,88","€42,22",https://pandabuy.page.link/B94wJoEkPiSZUgt4A,
1053,,,,,,,
1054,,,,,,,
1055,,,,,,,
1056,"Bape Sta Olympic
Mandarin Duck",https://pandabuy.page.link/sQdeBju8oV11pomr8,¥ 260.0,"$37,27","€34,30",https://pandabuy.page.link/sQdeBju8oV11pomr8,
1057,,,,,,,
1058,,,,,,,
1059,,,,,,,
1060,Bape Sta Joint White Gray,https://pandabuy.page.link/sQdeBju8oV11pomr8,¥ 260.0,"$37,27","€34,30",https://pandabuy.page.link/sQdeBju8oV11pomr8,
1061,,,,,,,
1062,,,,,,,
1063,,,,,,,
1064,"Bape Sta White
and Blue Camouflage",https://pandabuy.page.link/sQdeBju8oV11pomr8,¥ 260.0,"$37,27","€34,30",https://pandabuy.page.link/sQdeBju8oV11pomr8,
1065,,,,,,,
1066,,,,,,,
1067,,,,,,,
1068,"Bape Sta
Blue Yellow Green",https://pandabuy.page.link/sQdeBju8oV11pomr8,¥ 260.0,"$37,27","€34,30",https://pandabuy.page.link/sQdeBju8oV11pomr8,
1069,,,,,,,
1070,,,,,,,
1071,,,,,,,
1072,"Bape Sta
Blue and White Porcelain",https://pandabuy.page.link/sQdeBju8oV11pomr8,¥ 260.0,"$37,27","€34,30",https://pandabuy.page.link/sQdeBju8oV11pomr8,
1073,,,,,,,
1074,,,,,,,
1075,,,,,,,
1076,OVO X Bapesta,https://pandabuy.page.link/p5v7dh8an2uvwpCz7,"¥260,00","$37,27","€34,30",https://pandabuy.page.link/p5v7dh8an2uvwpCz7,
1077,,,,,,,
1078,,,,,,,
1079,,,,,,,
1080,Bapesta Light Gray Cream,https://pandabuy.allapp.link/cl0ei4vm8ngo604c8g60,"¥200,00","$28,08","€25,98",https://pandabuy.allapp.link/cl0ei4vm8ngo604c8g60,
1081,,,,,,,
1082,,,,,,,
1083,,,,,,,
1088,LV batch,https://pandabuy.allapp.link/cm449kogpf6qoog0ec7g,"¥560,00","$78,62","€72,75",https://pandabuy.allapp.link/cm449kogpf6qoog0ec7g,CKT
1089,,,,,,,
1090,,,,,,,
1091,,,,,,,
1092,"Louis Vuitton Trainer
Blue and White",https://pandabuy.allapp.link/ckuhv1ggpf6nf0126u20,"¥189,00","$26,54","€24,55",https://pandabuy.allapp.link/ckuhv1ggpf6nf0126u20,
1093,,,,,,,
1094,,,,,,,
1095,,,,,,,
1096,"Louis Vuitton Trainer
Green and White",https://pandabuy.allapp.link/ckuhv1ggpf6nf0126u20,"¥189,00","$26,54","€24,55",https://pandabuy.allapp.link/ckuhv1ggpf6nf0126u20,
1097,,,,,,,
1098,,,,,,,
1099,,,,,,,
1100,"Louis Vuitton Trainer
Black and White",https://pandabuy.allapp.link/ckuhv1ggpf6nf0126u20,"¥189,00","$26,54","€24,55",https://pandabuy.allapp.link/ckuhv1ggpf6nf0126u20,
1101,,,,,,,
1102,,,,,,,
1103,,,,,,,
1104,"Louis Vuitton Trainer
Velcro Green and White",https://pandabuy.allapp.link/ckuhv1ggpf6nf0126u20,"¥189,00","$26,54","€24,55",https://pandabuy.allapp.link/ckuhv1ggpf6nf0126u20,
1105,,,,,,,
1106,,,,,,,
1107,,,,,,,
1108,"Louis Vuitton Trainer
Velcro Blue and White",https://pandabuy.allapp.link/ckuhv1ggpf6nf0126u20,"¥189,00","$26,54","€24,55",https://pandabuy.allapp.link/ckuhv1ggpf6nf0126u20,
1109,,,,,,,
1110,,,,,,,
1111,,,,,,,
1112,"Louis Vuitton Trainer
Velcro Yellow and White",https://pandabuy.allapp.link/ckuhv1ggpf6nf0126u20,"¥189,00","$26,54","€24,55",https://pandabuy.allapp.link/ckuhv1ggpf6nf0126u20,
1113,,,,,,,
1114,,,,,,,
1115,,,,,,,
1116,"Louis Vuitton Trainer
Velcro Orange and White",https://pandabuy.allapp.link/ckuhv1ggpf6nf0126u20,"¥189,00","$26,54","€24,55",https://pandabuy.allapp.link/ckuhv1ggpf6nf0126u20,
1117,,,,,,,
1118,,,,,,,
1119,,,,,,,
1120,"Louis Vuitton Trainer
Velcro Black and White",https://pandabuy.allapp.link/ckuhv1ggpf6nf0126u20,"¥189,00","$26,54","€24,55",https://pandabuy.allapp.link/ckuhv1ggpf6nf0126u20,
1121,,,,,,,
1122,,,,,,,
1123,,,,,,,
1124,"Louis Vuitton Trainer
Velcro White and Purple",https://pandabuy.allapp.link/ckuhv1ggpf6nf0126u20,"¥189,00","$26,54","€24,55",https://pandabuy.allapp.link/ckuhv1ggpf6nf0126u20,
1125,,,,,,,
1126,,,,,,,
1127,,,,,,,
1128,"Louis Vuitton Trainer
Velcro White and Green",https://pandabuy.allapp.link/ckuhv1ggpf6nf0126u20,"¥189,00","$26,54","€24,55",https://pandabuy.allapp.link/ckuhv1ggpf6nf0126u20,
1129,,,,,,,
1130,,,,,,,
1131,,,,,,,
1132,"Louis Vuitton Trainer
Velcro White and Red",https://pandabuy.allapp.link/ckuhv1ggpf6nf0126u20,"¥189,00","$26,54","€24,55",https://pandabuy.allapp.link/ckuhv1ggpf6nf0126u20,
1133,,,,,,,
1134,,,,,,,
1135,,,,,,,
1136,"Louis Vuitton Trainer
Velcro Pure Black",https://pandabuy.page.link/Qr1AUyGC2iMB9KKt5,"¥189,00","$26,54","€24,55",https://pandabuy.page.link/Qr1AUyGC2iMB9KKt5,
1137,,,,,,,
1138,,,,,,,
1139,,,,,,,
1140,"Louis Vuitton
Skate Sneaker",https://pandabuy.page.link/XZ6Uc5QVLuQu9M7y5,"¥680,00","$95,47","€88,34",https://pandabuy.page.link/XZ6Uc5QVLuQu9M7y5,
1141,,,,,,,
1142,,,,,,,
1143,,,,,,,
1144,LV Skate Sneakers,https://pandabuy.allapp.link/ckbdsdnm8ngn7028vr20,"¥460,00","$64,58","€59,76",https://pandabuy.allapp.link/ckbdsdnm8ngn7028vr20,
1145,,,,,,,
1146,,,,,,,
1147,,,,,,,
1152,New balance 2002r batch,https://pandabuy.allapp.link/cm44aip0b4mhqi3pf620,"¥199,00","$18,48","€25,85",https://pandabuy.allapp.link/cm44aip0b4mhqi3pf620,CKT
1153,,,,,,,
1154,,,,,,,
1155,,,,,,,
1156,New Balance 9060,https://pandabuy.allapp.link/ckpbf1progtl5hi307j0,"¥430,00","$18,49","€55,86",https://pandabuy.allapp.link/ckpbf1progtl5hi307j0,
1157,,,,,,,
1158,,,,,,,
1159,,,,,,,
1160,"New balance 550
White and Green",https://pandabuy.allapp.link/ck42h790b4mqsspldqr0,"¥318,00","$18,50","€41,31",https://pandabuy.allapp.link/ck42h790b4mqsspldqr0,
1161,,,,,,,
1162,,,,,,,
1163,,,,,,,
1164,"New balance 550
White and Navy Blue",https://pandabuy.allapp.link/ck42h790b4mqsspldqr0,"¥318,00","$18,50","€41,31",https://pandabuy.allapp.link/ck42h790b4mqsspldqr0,
1165,,,,,,,
1166,,,,,,,
1167,,,,,,,
1168,"New balance 550
White and Black",https://pandabuy.allapp.link/ck42bl8gpf6lqchm4q90,"¥239,00","$18,50","€31,05",https://pandabuy.allapp.link/ck42bl8gpf6lqchm4q90,
1169,,,,,,,
1170,,,,,,,
1171,,,,,,,
1172,"New balance 550
White and Purple",https://pandabuy.allapp.link/ck4264ogpf6lqchm4po0,"¥230,00","$18,50","€29,88",https://pandabuy.allapp.link/ck4264ogpf6lqchm4po0,
1173,,,,,,,
1174,,,,,,,
1175,,,,,,,
1176,"New balance 550
White and Yellow",https://pandabuy.allapp.link/ck42h790b4mqsspldqr0,"¥318,00","$18,50","€41,31",https://pandabuy.allapp.link/ck42h790b4mqsspldqr0,
1177,,,,,,,
1178,,,,,,,
1179,,,,,,,
1180,"New balance 550
White and Wine Red",https://pandabuy.allapp.link/ck42gp10b4mqsspldqog,"¥318,00","$18,50","€41,31",https://pandabuy.allapp.link/ck42gp10b4mqsspldqog,
1181,,,,,,,
1182,,,,,,,
1183,,,,,,,
1184,"New balance 550
White",https://pandabuy.allapp.link/ck42h790b4mqsspldqr0,"¥318,00","$18,50","€17,02",https://pandabuy.allapp.link/ck42h790b4mqsspldqr0,
1185,,,,,,,
1186,,,,,,,
1187,,,,,,,
1188,"New balance 550
White and Card Blue",https://pandabuy.allapp.link/ck42h790b4mqsspldqr0,"¥318,00","$18,50","€17,02",https://pandabuy.allapp.link/ck42h790b4mqsspldqr0,
1189,,,,,,,
1190,,,,,,,
1191,,,,,,,
1192,"New balance 550
White and Orange",https://pandabuy.allapp.link/ck42h790b4mqsspldqr0,"¥318,00","$18,50","€17,02",https://pandabuy.allapp.link/ck42h790b4mqsspldqr0,
1193,,,,,,,
1194,,,,,,,
1195,,,,,,,
1196,"New balance 550
Blue and White",https://pandabuy.page.link/HMKza1zZZ5jKTPQT6,"¥129,00","$18,50","€17,02",https://pandabuy.page.link/HMKza1zZZ5jKTPQT6,
1197,,,,,,,
1198,,,,,,,
1199,,,,,,,
1200,New Balance 550 Retro Yellow,https://pandabuy.allapp.link/ck428e90b4mqsspldqa0,"¥310,00","$43,52","€40,27",https://pandabuy.allapp.link/ck428e90b4mqsspldqa0,
1201,,,,,,,
1202,,,,,,,
1203,,,,,,,
1204,"New balance 2002r
Cloud Grey",https://pandabuy.page.link/ZrP3fWaQPLWndTFa6,¥ 159,"$22,22","€20,59",https://pandabuy.page.link/ZrP3fWaQPLWndTFa6,
1205,,,,,,,
1206,,,,,,,
1207,,,,,,,
1208,"New balance 2002r
Yuanzu gray",https://pandabuy.allapp.link/ckn4bjp0b4mvau7pfje0,¥ 159,"$22,22","€20,59",https://pandabuy.allapp.link/ckn4bjp0b4mvau7pfje0,
1209,,,,,,,
1210,,,,,,,
1211,,,,,,,
1212,"New balance 2002r
Dark Gray",https://pandabuy.page.link/ZrP3fWaQPLWndTFa6,¥ 159,"$22,22","€20,59",https://pandabuy.page.link/ZrP3fWaQPLWndTFa6,
1213,,,,,,,
1214,,,,,,,
1215,,,,,,,
1216,"New balance 2002r
Black and White",https://pandabuy.page.link/ZrP3fWaQPLWndTFa6,¥ 159,"$22,22","€20,59",https://pandabuy.page.link/ZrP3fWaQPLWndTFa6,
1217,,,,,,,
1218,,,,,,,
1219,,,,,,,
1220,"New balance 2002r
Pure White",https://pandabuy.allapp.link/ckn4eihrogtl5hi2p3b0,"¥219,00","$22,22","€20,59",https://pandabuy.allapp.link/ckn4eihrogtl5hi2p3b0,
1221,,,,,,,
1222,,,,,,,
1223,,,,,,,
1224,"New balance 2002r
Phantom Black",https://pandabuy.page.link/ZrP3fWaQPLWndTFa6,¥ 159,"$22,22","€20,59",https://pandabuy.page.link/ZrP3fWaQPLWndTFa6,
1225,,,,,,,
1226,,,,,,,
1227,,,,,,,
1228,"New balance 2002r
White Khaki",https://pandabuy.page.link/ZrP3fWaQPLWndTFa6,¥ 159,"$22,22","€20,59",https://pandabuy.page.link/ZrP3fWaQPLWndTFa6,
1229,,,,,,,
1230,,,,,,,
1231,,,,,,,
1232,"New balance 2002r
Blue and White Blue",https://pandabuy.page.link/ZrP3fWaQPLWndTFa6,¥ 159,"$22,22","€20,59",https://pandabuy.page.link/ZrP3fWaQPLWndTFa6,
1233,,,,,,,
1234,,,,,,,
1235,,,,,,,
1236,"New balance 2002r
Grey",https://pandabuy.page.link/ZrP3fWaQPLWndTFa6,¥ 159,"$22,22","€20,59",https://pandabuy.page.link/ZrP3fWaQPLWndTFa6,
1237,,,,,,,
1238,,,,,,,
1239,,,,,,,
1240,New Balance x Stone Island,https://pandabuy.page.link/sjcK15ogMBx5sMCPA,"¥450,00","$63,48","€59,19",https://pandabuy.page.link/sjcK15ogMBx5sMCPA,
1241,,,,,,,
1242,,,,,,,
1243,,,,,,,
1244,New Balance 990 v5,https://pandabuy.page.link/87sv3KXTzZnumokK6,"¥190,00","$26,68","$24,68",https://pandabuy.page.link/87sv3KXTzZnumokK6,
1245,,,,,,,
1246,,,,,,,
1247,,,,,,,
1248,New Balance Brown 990,https://pandabuy.allapp.link/ck7c6jprogtvoj731ef0,"¥240,00","$33,70","€31,18",https://pandabuy.allapp.link/ck7c6jprogtvoj731ef0,
1249,,,,,,,
1250,,,,,,,
1251,,,,,,,
1252,BIg New Balance Batch,https://pandabuy.page.link/37VkpkxAmBbkmZvM9,"¥288,00","$40,43","$37,42",https://pandabuy.page.link/37VkpkxAmBbkmZvM9,
1253,,,,,,,
1254,,,,,,,
1255,,,,,,,
1256,Tiago Lemons 808,https://pandabuy.allapp.link/ck61fdggpf6q6124si0g,"¥189,00","$26,54","€24,55",https://pandabuy.allapp.link/ck61fdggpf6q6124si0g,
1257,,,,,,,
1258,,,,,,,
1259,,,,,,,
1260,Tiago Lemons 1010,https://pandabuy.allapp.link/ck61hf8gpf6q6124si70,"¥238,00","$33,41","€30,92",https://pandabuy.allapp.link/ck61hf8gpf6q6124si70,
1261,,,,,,,
1262,,,,,,,
1263,,,,,,,
1268,Pink Rick Owens,https://pandabuy.allapp.link/ckm4508gpf6sniefntj0,"¥328,00","$46,05","€42,61",https://pandabuy.allapp.link/ckm4508gpf6sniefntj0,
1269,,,,,,,
1270,,,,,,,
1271,,,,,,,
1272,Doc Martens x Rick Owens,https://pandabuy.page.link/88of829LirFC6Fe3A,"¥168,00","$23,59","€21,83",https://pandabuy.page.link/88of829LirFC6Fe3A,
1273,,,,,,,
1274,,,,,,,
1275,,,,,,,
1276,"Rick Owens x Moncler
Fur Boots",https://pandabuy.page.link/qzMoeDCZLaxPbpUm9,"¥2.099,00","$294,70","€272,70",https://pandabuy.page.link/qzMoeDCZLaxPbpUm9,
1277,,,,,,,
1278,,,,,,,
1279,,,,,,,
1280,"Rick Owens
Black Canvas",https://pandabuy.page.link/8C6kJSntXWHTxKio9,"¥118,00","$16,57","€15,33",https://pandabuy.page.link/8C6kJSntXWHTxKio9,
1281,,,,,,,
1282,,,,,,,
1283,,,,,,,
1284,"Rick Owens
Black Leather",https://pandabuy.page.link/b7LEACFiyH3LT7uHA,"¥118,00","$16,57","€15,33",https://pandabuy.page.link/b7LEACFiyH3LT7uHA,
1285,,,,,,,
1286,,,,,,,
1287,,,,,,,
1288,"Rick Owens
Dark Shadow Lows",https://pandabuy.page.link/V8hAqPfaPNSTgd8v5,"¥549,00","$77,08","€71,32",https://pandabuy.page.link/V8hAqPfaPNSTgd8v5,
1289,,,,,,,
1290,,,,,,,
1291,,,,,,,
1296,Dior B23,https://pandabuy.allapp.link/cl2f1ovm8ngo604cft4g,"¥510,00","$71,60","€66,26",https://pandabuy.allapp.link/cl2f1ovm8ngo604cft4g,p
1297,,,,,,,
1298,,,,,,,
1299,,,,,,,
1300,"Dior B22
(36 Colorways)",https://pandabuy.page.link/kPQYBvZXkQ4fzTvx6,"¥358,00","$50,26","€46,51",https://pandabuy.page.link/kPQYBvZXkQ4fzTvx6,
1301,,,,,,,
1302,,,,,,,
1303,,,,,,,
1304,"Dior Slides
(7 Colorways)",https://pandabuy.page.link/GxWDZ2KYEGQvoZCo6,"¥218,00","$30,61","€28,32",https://pandabuy.page.link/GxWDZ2KYEGQvoZCo6,
1305,,,,,,,
1306,,,,,,,
1307,,,,,,,
1308,Dior B23,https://pandabuy.page.link/7aTXJ4ifjwVzuCa9A,"¥558,00","$78,34","€72,49",https://pandabuy.page.link/7aTXJ4ifjwVzuCa9A,
1309,,,,,,,
1310,,,,,,,
1311,,,,,,,
1312,Dior Sneakers,https://pandabuy.page.link/LYCUKyJEUtCVZ9ND6,"¥498,00","$69,92","€64,70",https://pandabuy.page.link/LYCUKyJEUtCVZ9ND6,
1313,,,,,,,
1314,,,,,,,
1315,,,,,,,
1316,Dior B23 Low,https://pandabuy.allapp.link/ck44qmp0b4mqssple1jg,"¥215,00","$30,19","€27,93",https://pandabuy.allapp.link/ck44qmp0b4mqssple1jg,
1317,,,,,,,
1318,,,,,,,
1319,,,,,,,
1320,Dior B30,https://pandabuy.allapp.link/ckbduk1rogtvoj73d320,"¥420,00","$58,97","€54,57",https://pandabuy.allapp.link/ckbduk1rogtvoj73d320,
1321,,,,,,,
1322,,,,,,,
1323,,,,,,,
1328,Adidas x Gucci,https://pandabuy.allapp.link/cl2fhh0gpf6nf012kc8g,"¥460,00","$64,58","€59,76",https://pandabuy.allapp.link/cl2fhh0gpf6nf012kc8g,p
1329,,,,,,,
1330,,,,,,,
1331,,,,,,,
1332,Adidas Campus Batch,https://pandabuy.allapp.link/cl2ebhvm8ngo604cfq4g,"¥360,00","$50,54","€46,77",https://pandabuy.allapp.link/cl2ebhvm8ngo604cfq4g,p
1333,,,,,,,
1334,,,,,,,
1335,,,,,,,
1336,Adidas Samba's Batch,https://pandabuy.allapp.link/cl2ef8ggpf6nf012k7r0,"¥360,00","$50,54","€46,77",https://pandabuy.allapp.link/cl2ef8ggpf6nf012k7r0,p
1337,,,,,,,
1338,,,,,,,
1339,,,,,,,
1340,Adidas Samba's,https://pandabuy.page.link/YQzrJmKMmo44mBta8,"¥149,00","$20,92","€19,36",https://pandabuy.page.link/YQzrJmKMmo44mBta8,
1341,,,,,,,
1342,,,,,,,
1343,,,,,,,
1344,Adidas Campus 00's,https://pandabuy.page.link/tziJuKyVBeDHYL328,"¥119,00","$16,71","€15,46",https://pandabuy.page.link/tziJuKyVBeDHYL328,
1345,,,,,,,
1346,,,,,,,
1347,,,,,,,
1348,"Planet of the Apes
Star Wars x Adidas
Originals Samba",https://pandabuy.page.link/JLt3jFfF2eNzF3Vf7,"¥228,00","$32,01","€29,62",https://pandabuy.page.link/JLt3jFfF2eNzF3Vf7,
1349,,,,,,,
1350,,,,,,,
1351,,,,,,,
1352,"Adidas Samba
LAFC",https://pandabuy.page.link/fAMdn3bqVTZ5iV866,"¥155,00","$21,76","€20,14",https://pandabuy.page.link/fAMdn3bqVTZ5iV866,
1353,,,,,,,
1354,,,,,,,
1355,,,,,,,
1356,"Adidas Samba Argentina
Shoe",https://pandabuy.page.link/mdJxs1bLsQ9p8qXAA,"¥160,00","$22,46","€20,79",https://pandabuy.page.link/mdJxs1bLsQ9p8qXAA,
1357,,,,,,,
1358,,,,,,,
1359,,,,,,,
1360,"Adidas Samba
Tie Dye White",https://pandabuy.page.link/9UdKVNKKjWxSTb6Y8,"¥149,00","$20,92","€19,36",https://pandabuy.page.link/9UdKVNKKjWxSTb6Y8,
1361,,,,,,,
1362,,,,,,,
1363,,,,,,,
1364,"Adidas Samba OG
Cloud White
Core Black",https://pandabuy.allapp.link/ckjr9afm8ngom0fknhe0,"¥158,00","$22,18","€20,53",https://pandabuy.allapp.link/ckjr9afm8ngom0fknhe0,
1365,,,,,,,
1366,,,,,,,
1367,,,,,,,
1368,"Adidas Originals
samba Vegan",https://pandabuy.allapp.link/ckjr9t9rogtnkdb8v28g,"¥158,00","$22,18","€20,53",https://pandabuy.allapp.link/ckjr9t9rogtnkdb8v28g,
1369,,,,,,,
1370,,,,,,,
1371,,,,,,,
1372,"Adidas Samba Tie
Dye Black",https://pandabuy.page.link/Qm6DjXA5GRuoGGF36,"¥149,00","$20,92","€19,36",https://pandabuy.page.link/Qm6DjXA5GRuoGGF36,
1373,,,,,,,
1374,,,,,,,
1375,,,,,,,
1376,"Adidas Samba OG
Black White Gum",https://pandabuy.allapp.link/ckjragogpf6sniefevu0,"¥158,00","$22,18","€20,53",https://pandabuy.allapp.link/ckjragogpf6sniefevu0,
1377,,,,,,,
1378,,,,,,,
1379,,,,,,,
1380,Adidas Samba x Arsenal,https://pandabuy.page.link/tdMjhr8WvuKuzUVq8,"¥170,00","$23,87","€22,09",https://pandabuy.page.link/tdMjhr8WvuKuzUVq8,
1381,,,,,,,
1382,,,,,,,
1383,,,,,,,
1384,"Bape x Adidas 80's
Superstar ABC Camo
(4 Colorways)",https://pandabuy.page.link/bZCRo1mhhFcqwbno9,"¥188,00","$26,39","€24,42",https://pandabuy.page.link/bZCRo1mhhFcqwbno9,
1385,,,,,,,
1386,,,,,,,
1387,,,,,,,
1388,Bad Bunny Forum,https://pandabuy.allapp.link/ck61dghrogtvoj72tm10,"¥270,00","$37,91","€35,08",https://pandabuy.allapp.link/ck61dghrogtvoj72tm10,
1389,,,,,,,
1390,,,,,,,
1391,,,,,,,
1392,Wales Bonner x Samba,https://pandabuy.allapp.link/ck64gh7m8ngn7028gt00,"¥198,00","$27,80","€25,72",https://pandabuy.allapp.link/ck64gh7m8ngn7028gt00,
1393,,,,,,,
1394,,,,,,,
1395,,,,,,,
1396,Bad Bunny x Adidas Campus,https://pandabuy.allapp.link/ck6ncrogpf6q6124uegg,"¥250,00","$35,10","€32,48",https://pandabuy.allapp.link/ck6ncrogpf6q6124uegg,
1397,,,,,,,
1398,,,,,,,
1399,,,,,,,
1400,"Adidas Ultraboost
(16 Colorways)",https://pandabuy.page.link/xReeAs8epoy9obFx7,"¥128,00","$17,97","€16,63",https://pandabuy.page.link/xReeAs8epoy9obFx7,
1401,,,,,,,
1402,,,,,,,
1403,,,,,,,
1404,Adidas Campus,https://pandabuy.allapp.link/cko4c8hrogtl5hi2snkg,"¥238,00","$33,41","€30,92",https://pandabuy.allapp.link/cko4c8hrogtl5hi2snkg,
1405,,,,,,,
1406,,,,,,,
1407,,,,,,,
1412,Alexander Mcqueen's Batch,https://pandabuy.allapp.link/cl2e7mprogtktc431p2g,"¥350,00","$49,14","€45,47",https://pandabuy.allapp.link/cl2e7mprogtktc431p2g,p
1413,,,,,,,
1414,,,,,,,
1415,,,,,,,
1416,Gucci low sneaker,https://pandabuy.allapp.link/cl2e870gpf6nf012k6mg,"¥460,00","$64,58","€59,76",https://pandabuy.allapp.link/cl2e870gpf6nf012k6mg,p
1417,,,,,,,
1418,,,,,,,
1419,,,,,,,
1420,Gucci sneaker,https://pandabuy.allapp.link/cl2eq1vm8ngo604cfs2g,"¥560,00","$78,62","€72,75",https://pandabuy.allapp.link/cl2eq1vm8ngo604cfs2g,p
1421,,,,,,,
1422,,,,,,,
1423,,,,,,,
1424,"Valentino Camouflage
Rockrunner
(22 Colorways)",https://pandabuy.page.link/YQgVWLW9WihryvFF7,"¥348,00","$48,86","€45,21",https://pandabuy.page.link/YQgVWLW9WihryvFF7,
1425,,,,,,,
1426,,,,,,,
1427,,,,,,,
1428,"Amiri Men's MA-1
(5 Colorways)",https://pandabuy.page.link/Sjro4UMcyc5Y3rqx7,"¥498,00","$69,92","€64,70",https://pandabuy.page.link/Sjro4UMcyc5Y3rqx7,
1429,,,,,,,
1430,,,,,,,
1431,,,,,,,
1432,"AMIRI Skel Top Low
(22 Colorways)",https://pandabuy.page.link/m28NuHvQv1pDhYsV9,"¥350,00","$49,14","€45,47",https://pandabuy.page.link/m28NuHvQv1pDhYsV9,
1433,,,,,,,
1434,,,,,,,
1435,,,,,,,
1436,Lanvin sneaker,https://pandabuy.page.link/Y35puyZAXZbznkCe8,"¥480,00","$67,39","€62,36",https://pandabuy.page.link/Y35puyZAXZbznkCe8,
1437,,,,,,,
1438,,,,,,,
1439,,,,,,,
1440,"Puma LaMelo Ball
Rick and Morty
(20 Colorways)",https://pandabuy.page.link/2PdZX7dzQgoLGRAW9,"¥208,00","$29,20","€27,02",https://pandabuy.page.link/2PdZX7dzQgoLGRAW9,
1441,,,,,,,
1442,,,,,,,
1443,,,,,,,
1444,MSCHF Astro Boy Boots,https://pandabuy.page.link/PaA6NzWMA7pccYMe8,"¥198,00","$27,80","€25,72",https://pandabuy.page.link/PaA6NzWMA7pccYMe8,
1445,,,,,,,
1446,,,,,,,
1447,,,,,,,
1448,Burberry slides,https://pandabuy.page.link/HAUVshKRexuzhhGS6,"¥229,00","$32,15","€29,75",https://pandabuy.page.link/HAUVshKRexuzhhGS6,
1449,,,,,,,
1450,,,,,,,
1451,,,,,,,
1452,Louboutin With Spikes,https://pandabuy.page.link/8tTzordFED4emKgL6,"¥620,00","$87,05","€80,55",https://pandabuy.page.link/8tTzordFED4emKgL6,
1453,,,,,,,
1454,,,,,,,
1455,,,,,,,
1456,Louboutin Without Spikes,https://pandabuy.page.link/T21A11AuXakghKv6A,"¥600,00","$84,24","€77,95",https://pandabuy.page.link/T21A11AuXakghKv6A,
1457,,,,,,,
1458,,,,,,,
1459,,,,,,,
1460,Golden Goose (cheap version),https://pandabuy.page.link/euEdpkhu8gwZpZ7d7,"¥188,00","$26,39","€24,42",https://pandabuy.page.link/euEdpkhu8gwZpZ7d7,
1461,,,,,,,
1462,,,,,,,
1463,,,,,,,
1464,Golden Goose (small sizes),https://pandabuy.page.link/uoD8WhXUrheS1Ju4A,"¥400,00","$56,16","€51,97",https://pandabuy.page.link/uoD8WhXUrheS1Ju4A,
1465,,,,,,,
1466,,,,,,,
1467,,,,,,,
1468,Mcqueen's White,https://pandabuy.page.link/fZxLr1YS5XpriAg29,"¥230,00","$32,29","€29,88",https://pandabuy.page.link/fZxLr1YS5XpriAg29,
1469,,,,,,,
1470,,,,,,,
1471,,,,,,,
1472,Alexander Mcqueen's,https://pandabuy.page.link/Prs9o5XAziZ5ZAi98,"¥638,00","$89,57","€82,89",https://pandabuy.page.link/Prs9o5XAziZ5ZAi98,
1473,,,,,,,
1474,,,,,,,
1475,,,,,,,
1476,All Alexander McQueens,https://pandabuy.allapp.link/ckhv8nnm8ngn7029jpsg,"¥138,00","$19,37","€17,93",https://pandabuy.allapp.link/ckhv8nnm8ngn7029jpsg,
1477,,,,,,,
1478,,,,,,,
1479,,,,,,,
1480,Lanvin Paris Sneakers,https://pandabuy.allapp.link/ckhvck7m8ngn7029jqe0,"¥568,00","$79,75","€73,79",https://pandabuy.allapp.link/ckhvck7m8ngn7029jqe0,
1481,,,,,,,
1482,,,,,,,
1483,,,,,,,
1484,"Burberry Shoes
(9 Colorways)",https://pandabuy.page.link/va5T51zxipKQesSB9,"¥388,00","$54,47","€50,41",https://pandabuy.page.link/va5T51zxipKQesSB9,
1485,,,,,,,
1486,,,,,,,
1487,,,,,,,
1488,"Sorrento Sneaker
Dolce Gabbana
(21 Colorways)",https://pandabuy.page.link/PK5mabkxHThrpMSbA,"¥268,00","$37,63","€34,82",https://pandabuy.page.link/PK5mabkxHThrpMSbA,
1489,,,,,,,
1490,,,,,,,
1491,,,,,,,
1492,All converse,https://pandabuy.page.link/nJk1bezbWtSQacTM7,"¥160,00","$22,46","€20,79",https://pandabuy.page.link/nJk1bezbWtSQacTM7,
1493,,,,,,,
1494,,,,,,,
1495,,,,,,,
1496,Timberlands,https://pandabuy.allapp.link/ck42jj9rogtgdc45vf8g,"¥170,00","$23,87","€22,09",https://pandabuy.allapp.link/ck42jj9rogtgdc45vf8g,
1497,,,,,,,
1498,,,,,,,
1499,,,,,,,
1500,Normal Clarks Wallabee,https://pandabuy.allapp.link/ck438gh0b4mqsspldsng,"¥179,00","$25,13","€23,26",https://pandabuy.allapp.link/ck438gh0b4mqsspldsng,
1501,,,,,,,
1502,,,,,,,
1503,,,,,,,
1504,Red Wing Boots,https://pandabuy.allapp.link/ck6nr5ogpf6q6124ufb0,"¥189,00","$26,54","€24,55",https://pandabuy.allapp.link/ck6nr5ogpf6q6124ufb0,
1505,,,,,,,
1506,,,,,,,
1507,,,,,,,
1508,Salomun Shoes,https://pandabuy.allapp.link/ckueeunm8ngo604c23l0,"¥178,00","$24,99","€23,13",https://pandabuy.allapp.link/ckueeunm8ngo604c23l0,
1509,,,,,,,
1510,,,,,,,
1511,,,,,,,
1512,"Axel arigato sneaker,
all colors",https://pandabuy.allapp.link/cl8hgmnm8ngng6vj1k1g,"¥318,00","$44,65","€41,31",https://pandabuy.allapp.link/cl8hgmnm8ngng6vj1k1g,
1513,,,,,,,
1514,,,,,,,
1515,,,,,,,
1520,Cloudswifts,https://pandabuy.allapp.link/ck8piuprogtvoj735kh0,"¥189,00","$26,54","€24,55",https://pandabuy.allapp.link/ck8piuprogtvoj735kh0,
1521,,,,,,,
1522,,,,,,,
1523,,,,,,,
1524,On Cloud Swift 3 Running Shoes,https://pandabuy.allapp.link/ckj6dqogpf6sniefbsj0,"¥248,00","$34,82","€32,22",https://pandabuy.allapp.link/ckj6dqogpf6sniefbsj0,
1525,,,,,,,
1526,,,,,,,
1527,,,,,,,
1532,Rope Laces,https://pandabuy.page.link/opmxJAcoizvVpMCN9,"¥23,99","$3,37","€3,12",https://pandabuy.page.link/opmxJAcoizvVpMCN9,
1533,,,,,,,
1534,,,,,,,
1535,,,,,,,
1536,"Nike Socks
(17 Colorways)",https://pandabuy.page.link/Qyfuwqb38ZZZqzAD8,"¥3,89","$0,55","€0,51",https://pandabuy.page.link/Qyfuwqb38ZZZqzAD8,
1537,,,,,,,
1538,,,,,,,
1539,,,,,,,
1540,Stockx Tag,https://pandabuy.page.link/jekynTLGVKMv3nJD8,"¥2,80","$0,39","€0,36",https://pandabuy.page.link/jekynTLGVKMv3nJD8,
1541,,,,,,,
1542,,,,,,,
1543,,,,,,,
1544,"Crease Protector
(20 Colorways)",https://pandabuy.page.link/zCue7qxcmCvW1CVc9,"¥5,23","$0,73","€0,68",https://pandabuy.page.link/zCue7qxcmCvW1CVc9,
1545,,,,,,,
1546,,,,,,,
1547,,,,,,,
1548,Jordan 1 and 4 Laces,https://pandabuy.page.link/FHAxqAQTWEfq2Wj87,"¥15,98","$2,24","€2,08",https://pandabuy.page.link/FHAxqAQTWEfq2Wj87,
1549,,,,,,,
1550,,,,,,,
1551,,,,,,,
1552,"Bape Socks
(33 Colorways)",https://pandabuy.page.link/vczpALEhyHM6m2oN6,"¥16,26","$2,28","€2,11",https://pandabuy.page.link/vczpALEhyHM6m2oN6,
1553,,,,,,,
1554,,,,,,,
1555,,,,,,,
1556,Suede Brush,https://pandabuy.allapp.link/ckj6ilfm8ngom0fkkdq0,"¥6,00","$0,84","€0,78",https://pandabuy.allapp.link/ckj6ilfm8ngom0fkkdq0,
1557,,,,,,,
1558,,,,,,,
1559,,,,,,,
1560,Yeezy Socks,https://pandabuy.page.link/sg5FsKdoSz6jdZD5A,"¥12,00","$1,68","€1,56",https://pandabuy.page.link/sg5FsKdoSz6jdZD5A,
1561,,,,,,,
1562,,,,,,,
1563,,,,,,,
1564,Corteiz Socks,https://pandabuy.page.link/rePYzSBCNowwJjeHA,"¥19,00","$2,67","€2,47",https://pandabuy.page.link/rePYzSBCNowwJjeHA,
1565,,,,,,,
1566,,,,,,,
1567,,,,,,,
1568,Nike Grip Socks,https://pandabuy.page.link/3ZTN1nsiC5pr75fa8,"¥25,00","$3,51","€3,25",https://pandabuy.page.link/3ZTN1nsiC5pr75fa8,
1569,,,,,,,
1570,,,,,,,
1571,,,,,,,
1572,Cactus Jack Socks,https://pandabuy.page.link/AUJQwVmEhuuW4Bct9,"¥11,88","$1,67","€1,54",https://pandabuy.page.link/AUJQwVmEhuuW4Bct9,
1573,,,,,,,
1574,,,,,,,
1575,,,,,,,
1576,"ALL Type of Branded
Socks",https://pandabuy.page.link/92J6uzAfLNC3aStw5,"¥19,90","$2,79","€2,59",https://pandabuy.page.link/92J6uzAfLNC3aStw5,
1577,,,,,,,
1578,,,,,,,
1579,,,,,,,
1580,"Ami Socks
(3 Colorways)",https://pandabuy.page.link/5BM3oAucQwxQjep89,"¥88,00","$12,36","€11,43",https://pandabuy.page.link/5BM3oAucQwxQjep89,
1581,,,,,,,
1582,,,,,,,
1583,,,,,,,
1584,"Carhartt Socks
(25 Colorways)",https://pandabuy.page.link/uMEdFpDrPefyaMct6,"¥9,88","$1,39","€1,28",https://pandabuy.page.link/uMEdFpDrPefyaMct6,
1585,,,,,,,
1586,,,,,,,
1587,,,,,,,
1588,"OFF White Socks
(6 Colorways)",https://pandabuy.page.link/ARjfTkTPVR5gVXs6A,"¥12,00","$1,68","€1,56",https://pandabuy.page.link/ARjfTkTPVR5gVXs6A,
1589,,,,,,,
1590,,,,,,,
1591,,,,,,,
1596,Nike x Stussy Slides,https://pandabuy.allapp.link/ckm3pf0gpf6sniefnr60,"¥103,00","$14,46","€13,38",https://pandabuy.allapp.link/ckm3pf0gpf6sniefnr60,
1597,,,,,,,
1598,,,,,,,
1599,,,,,,,
1600,Balenciaga Slides,https://pandabuy.allapp.link/ck64mf7m8ngn7028gtp0,"¥120,00","$16,85","€15,59",https://pandabuy.allapp.link/ck64mf7m8ngn7028gtp0,
1601,,,,,,,
1602,,,,,,,
1603,,,,,,,
1604,Alexander MCQUEENS,https://pandabuy.allapp.link/ck64n3hrogtvoj72u0c0,"¥149,00","$20,92","€19,36",https://pandabuy.allapp.link/ck64n3hrogtvoj72u0c0,
1605,,,,,,,
1606,,,,,,,
1607,,,,,,,
1608,Gucci Slides,https://pandabuy.allapp.link/ck64nuprogtvoj72u0eg,"¥185,00","$25,97","€24,03",https://pandabuy.allapp.link/ck64nuprogtvoj72u0eg,
1609,,,,,,,
1610,,,,,,,
1611,,,,,,,
1612,LV Slides,https://pandabuy.allapp.link/ck64pl7m8ngn7028gu40,"¥160,00","$22,46","€20,79",https://pandabuy.allapp.link/ck64pl7m8ngn7028gu40,
1613,,,,,,,
1614,,,,,,,
1615,,,,,,,
1616,Boston Berks,https://pandabuy.allapp.link/ck6nvonm8ngn7028ija0,"¥250,00","$35,10","€32,48",https://pandabuy.allapp.link/ck6nvonm8ngn7028ija0,
1617,,,,,,,
1618,,,,,,,
1619,,,,,,,
1620,Lightning McQueen Crocs,https://pandabuy.allapp.link/ck6o2hvm8ngn7028iji0,"¥57,00","$8,00","€7,41",https://pandabuy.allapp.link/ck6o2hvm8ngn7028iji0,
1621,,,,,,,
1622,,,,,,,
1623,,,,,,,
1624,Drew House Crocs,https://pandabuy.allapp.link/ck6o139rogtvoj72vm8g,"¥128,00","$17,97","€16,63",https://pandabuy.allapp.link/ck6o139rogtvoj72vm8g,
1625,,,,,,,
1626,,,,,,,
1627,,,,,,,
1628,Ugg Slippers,https://pandabuy.allapp.link/ckudnq8gpf6nf0126e10,"¥148,00","$20,78","€19,23",https://pandabuy.allapp.link/ckudnq8gpf6nf0126e10,
1629,,,,,,,
1630,,,,,,,
1631,,,,,,,
1632,Hermes Slippers,https://pandabuy.allapp.link/ckue3lggpf6nf0126f70,"¥280,00","$39,31","€36,38",https://pandabuy.allapp.link/ckue3lggpf6nf0126f70,
1633,,,,,,,
1634,,,,,,,
1635,,,,,,,
1640,"Nike G.T. Jump 2
Vollyball Shoes",https://pandabuy.allapp.link/ckm326ogpf6sniefnmmg,"¥389,00",$53,"€51,00",https://pandabuy.allapp.link/ckm326ogpf6sniefnmmg,
1641,,,,,,,
1642,,,,,,,
1643,,,,,,,
1644,"Nike G.T. Jump 2
Vollyball Shoes",https://pandabuy.allapp.link/ckm33m9rogtnkdb97mbg,"¥389,00",$53,"€51,00",https://pandabuy.allapp.link/ckm33m9rogtnkdb97mbg,
1645,,,,,,,
1646,,,,,,,
1647,,,,,,,
1648,"Nike G.T. Jump 2
Vollyball Shoes",https://pandabuy.allapp.link/ckm33m9rogtnkdb97mbg,"¥389,00",$53,"€51,00",https://pandabuy.allapp.link/ckm33m9rogtnkdb97mbg,
1649,,,,,,,
1650,,,,,,,
1651,,,,,,,
1652,"Asics Vollyball shoe
Women's GEL-ROCKET 10",https://pandabuy.allapp.link/ckm3550gpf6sniefnnbg,"¥349,00","$49,00","€45,34",https://pandabuy.allapp.link/ckm3550gpf6sniefnnbg,
1653,,,,,,,
1654,,,,,,,
1655,,,,,,,
1656,"Many Asics GEL-ROCKET 10
volleyball shoes",https://pandabuy.allapp.link/ckm369hrogtnkdb97mvg,"¥349,00","$49,00","€45,34",https://pandabuy.allapp.link/ckm369hrogtnkdb97mvg,
1657,,,,,,,
1658,,,,,,,
1659,,,,,,,
1660,"Ligra Adidas Vollyball
Shoes",https://pandabuy.allapp.link/ckm3887m8ngom0fl07l0,"¥428,00","$60,09","€55,60",https://pandabuy.allapp.link/ckm3887m8ngom0fl07l0,
1661,,,,,,,
1662,,,,,,,
1663,,,,,,,
1668,Off White “out of office”,https://pandabuy.allapp.link/ckm3i8fm8ngom0fl09k0,"¥268,00","$37,63","€34,82",https://pandabuy.allapp.link/ckm3i8fm8ngom0fl09k0,
1669,,,,,,,
1670,,,,,,,
1671,,,,,,,
1672,Off White “out of office”,https://pandabuy.allapp.link/ckm3i8fm8ngom0fl09k0,"¥268,00","$37,63","€34,82",https://pandabuy.allapp.link/ckm3i8fm8ngom0fl09k0,
1673,,,,,,,
1674,,,,,,,
1675,,,,,,,
1676,Off White “out of office”,https://pandabuy.allapp.link/ckm3i8fm8ngom0fl09k0,"¥268,00","$37,63","€34,82",https://pandabuy.allapp.link/ckm3i8fm8ngom0fl09k0,
1677,,,,,,,
1678,,,,,,,
1679,,,,,,,
1680,Off White “out of office”,https://pandabuy.allapp.link/ckm3i8fm8ngom0fl09k0,"¥268,00","$37,63","€34,82",https://pandabuy.allapp.link/ckm3i8fm8ngom0fl09k0,
1681,,,,,,,
1682,,,,,,,
1683,,,,,,,
1684,Off White “out of office”,https://pandabuy.allapp.link/ckm3i8fm8ngom0fl09k0,"¥268,00","$37,63","€34,82",https://pandabuy.allapp.link/ckm3i8fm8ngom0fl09k0,
1685,,,,,,,
1686,,,,,,,
1687,,,,,,,
1688,Off White “out of office”,https://pandabuy.allapp.link/ckm3i8fm8ngom0fl09k0,"¥268,00","$37,63","€34,82",https://pandabuy.allapp.link/ckm3i8fm8ngom0fl09k0,
1689,,,,,,,
1690,,,,,,,
1691,,,,,,,
1696,"maison mihara shoes
(10 Colorways)",https://pandabuy.allapp.link/ckr6t1nm8ngtsr1amjg0,"¥378,00","$53,07","€49,11",https://pandabuy.allapp.link/ckr6t1nm8ngtsr1amjg0,
1697,,,,,,,
1698,,,,,,,